{
    "dataset": "inj_amazon",
    "outliers": {
        "all": 694,
        "contextual": 350,
        "structural": 350
    },
    "model": "adone",
    "epoch": 300,
    "auc": {
        "mean": 0.7916208575969859,
        "std": 0.08245954855141187,
        "max": 0.905482875558967
    },
    "ap": {
        "mean": 0.1732854959785371,
        "std": 0.06203138406177157,
        "max": 0.30102297562103214
    },
    "rec": {
        "mean": 0.34293943643569946,
        "std": 0.13106168806552887,
        "max": 0.6051872968673706
    },
    "pr": {
        "mean": 0.17296509444713593,
        "std": 0.06610234081745148,
        "max": 0.30523255467414856
    },
    "f1": {
        "mean": 0.22995169460773468,
        "std": 0.08788097649812698,
        "max": 0.4057970941066742
    },
    "time": {
        "mean": 77.8379135131836,
        "std": 4.8645548820495605,
        "max": 85.44242858886719
    },
    "contextual": {
        "auc": {
            "mean": 0.7313167828540161,
            "std": 0.12792640912868916,
            "max": 0.9692649284754941
        },
        "ap": {
            "mean": 0.12364108841765721,
            "std": 0.07446669432289367,
            "max": 0.32169427503607545
        },
        "rec": {
            "mean": 0.3664761781692505,
            "std": 0.2075357735157013,
            "max": 0.9314285516738892
        },
        "pr": {
            "mean": 0.09321705251932144,
            "std": 0.05278889462351799,
            "max": 0.2369185984134674
        },
        "f1": {
            "mean": 0.14862880110740662,
            "std": 0.08416862785816193,
            "max": 0.37775203585624695
        }
    },
    "structural": {
        "auc": {
            "mean": 0.8394587872456847,
            "std": 0.07098561068593866,
            "max": 0.9132485556526744
        },
        "ap": {
            "mean": 0.08155930098262182,
            "std": 0.02709501406393724,
            "max": 0.1212974614108596
        },
        "rec": {
            "mean": 0.32571426033973694,
            "std": 0.14157383143901825,
            "max": 0.5485714077949524
        },
        "pr": {
            "mean": 0.08284883201122284,
            "std": 0.03601078689098358,
            "max": 0.13953489065170288
        },
        "f1": {
            "mean": 0.13209733366966248,
            "std": 0.05741696432232857,
            "max": 0.2224797159433365
        }
    }
}