{
    "dataset": "inj_cora",
    "outliers": {
        "all": 138,
        "contextual": 70,
        "structural": 70
    },
    "model": "adone",
    "epoch": 10,
    "auc": {
        "mean": 0.7533069700558281,
        "std": 0.06516820474497377,
        "max": 0.8182851181413184
    },
    "ap": {
        "mean": 0.16863856519932036,
        "std": 0.05916314524418201,
        "max": 0.30423293349608327
    },
    "rec": {
        "mean": 0.31485506892204285,
        "std": 0.10465341806411743,
        "max": 0.5072463750839233
    },
    "pr": {
        "mean": 0.1603320986032486,
        "std": 0.05329214408993721,
        "max": 0.25830256938934326
    },
    "f1": {
        "mean": 0.2124694287776947,
        "std": 0.07062186300754547,
        "max": 0.342298299074173
    },
    "time": {
        "mean": 0.22508426010608673,
        "std": 0.014393478631973267,
        "max": 0.2702462673187256
    },
    "contextual": {
        "auc": {
            "mean": 0.6968211848803205,
            "std": 0.04142239913545798,
            "max": 0.7556157261995017
        },
        "ap": {
            "mean": 0.08964898655983411,
            "std": 0.016490250713731395,
            "max": 0.12295090261207088
        },
        "rec": {
            "mean": 0.3078571557998657,
            "std": 0.06033828482031822,
            "max": 0.4714285731315613
        },
        "pr": {
            "mean": 0.07952030003070831,
            "std": 0.015585535205900669,
            "max": 0.12177121639251709
        },
        "f1": {
            "mean": 0.12639296054840088,
            "std": 0.024772316217422485,
            "max": 0.19354838132858276
        }
    },
    "structural": {
        "auc": {
            "mean": 0.80193599046897,
            "std": 0.1318548664131382,
            "max": 0.955556157261995
        },
        "ap": {
            "mean": 0.10979112227475989,
            "std": 0.0817677466777703,
            "max": 0.323882676697432
        },
        "rec": {
            "mean": 0.334285706281662,
            "std": 0.22104138135910034,
            "max": 0.8142856955528259
        },
        "pr": {
            "mean": 0.08634686470031738,
            "std": 0.05709556117653847,
            "max": 0.21033211052417755
        },
        "f1": {
            "mean": 0.13724341988563538,
            "std": 0.09075012803077698,
            "max": 0.3343108594417572
        }
    }
}