{
    "dataset": "inj_cora",
    "stat_results": {
        "accuracy": 0.9793205317577548,
        "recall": 0.9142857142857143,
        "precision": 0.5614035087719298,
        "f1": 0.6956521739130435,
        "auroc": 0.9396783277374634,
        "ap": 0.4567385005623562,
        "tp": 64,
        "tn": 2588,
        "fp": 50,
        "fn": 6,
        "true_pred_nodes": [
            2307,
            1540,
            2056,
            1035,
            1547,
            781,
            1818,
            539,
            1053,
            1310,
            287,
            2078,
            1570,
            1573,
            294,
            2600,
            50,
            311,
            572,
            1854,
            2624,
            833,
            1090,
            843,
            76,
            2386,
            1362,
            1623,
            2654,
            869,
            874,
            1135,
            1391,
            124,
            127,
            641,
            1674,
            143,
            1426,
            915,
            660,
            2198,
            151,
            674,
            170,
            938,
            2475,
            2479,
            181,
            438,
            1206,
            451,
            1732,
            1224,
            2506,
            459,
            1229,
            1235,
            980,
            214,
            738,
            1014,
            1783,
            1533
        ],
        "optimal_threshold": 0.012900000000000023,
        "roc_curve": {
            "fpr": [
                0.0,
                0.0003790750568612585,
                0.000758150113722517,
                0.001516300227445034,
                0.003032600454890068,
                0.004169825625473844,
                0.006823351023502654,
                0.009097801364670205,
                0.01061410159211524,
                0.010993176648976498,
                0.011751326762699014,
                0.01288855193328279,
                0.014783927217589083,
                0.014783927217589083,
                0.0155420773313116,
                0.016679302501895376,
                0.018574677786201668,
                0.018574677786201668,
                0.018574677786201668,
                0.018953752843062926,
                0.018953752843062926,
                1.0
            ],
            "tpr": [
                0.0,
                0.0,
                0.0,
                0.014285714285714285,
                0.014285714285714285,
                0.014285714285714285,
                0.014285714285714285,
                0.014285714285714285,
                0.014285714285714285,
                0.014285714285714285,
                0.02857142857142857,
                0.02857142857142857,
                0.02857142857142857,
                0.1,
                0.1,
                0.1,
                0.1,
                0.11428571428571428,
                0.14285714285714285,
                0.14285714285714285,
                0.9142857142857143,
                1.0
            ],
            "thresholds": [
                Infinity,
                0.998,
                0.9975,
                0.9967,
                0.9966,
                0.996,
                0.9941,
                0.9922,
                0.9918,
                0.9909,
                0.9908,
                0.9905,
                0.9896,
                0.9893,
                0.989,
                0.9888,
                0.9886,
                0.988,
                0.9878,
                0.9872,
                0.9871,
                0.0
            ]
        }
    },
    "verified_count": 114,
    "starting_nodes_count": 1129,
    "total_time": "0:01:32.117242"
}