{
    "dataset": "inj_cora",
    "stat_results": {
        "accuracy": 0.8149926144756278,
        "recall": 1.0,
        "precision": 0.12259194395796848,
        "f1": 0.21840873634945399,
        "auroc": 0.9348017978988411,
        "ap": 0.17348799351986008,
        "tp": 70,
        "tn": 2137,
        "fp": 501,
        "fn": 0,
        "true_pred_nodes": [
            2056,
            1035,
            1053,
            2078,
            2089,
            50,
            1090,
            2121,
            76,
            2126,
            1133,
            1135,
            124,
            127,
            143,
            2198,
            151,
            170,
            181,
            1206,
            1224,
            1229,
            1235,
            214,
            2307,
            1310,
            287,
            294,
            311,
            2386,
            1362,
            1391,
            1426,
            2475,
            2479,
            438,
            451,
            2506,
            459,
            2518,
            1533,
            1540,
            1547,
            539,
            1570,
            1573,
            2600,
            572,
            2624,
            1623,
            2654,
            641,
            1674,
            660,
            674,
            1732,
            738,
            1783,
            781,
            1818,
            1854,
            833,
            843,
            869,
            874,
            1901,
            915,
            938,
            980,
            1014
        ],
        "optimal_threshold": 0.010499999999999954,
        "roc_curve": {
            "fpr": [
                0.0,
                0.07884761182714177,
                0.07922668688400303,
                0.07960576194086429,
                0.07998483699772554,
                0.08112206216830932,
                0.0822592873388931,
                0.08263836239575435,
                0.08377558756633814,
                0.08453373768006066,
                0.08567096285064443,
                0.08642911296436695,
                0.08680818802122821,
                0.08794541319181198,
                0.0887035633055345,
                0.09021986353297953,
                0.09059893858984079,
                0.09135708870356331,
                0.09211523881728582,
                0.09287338893100834,
                0.09363153904473086,
                0.09438968915845337,
                0.09590598938589841,
                0.09742228961334344,
                0.09818043972706596,
                0.09855951478392722,
                0.09893858984078847,
                0.09969673995451099,
                0.10121304018195602,
                0.10272934040940106,
                0.10348749052312357,
                0.10538286580742987,
                0.10765731614859743,
                0.10803639120545869,
                0.10955269143290372,
                0.10993176648976498,
                0.11144806671721001,
                0.11258529188779379,
                0.11410159211523882,
                0.11940864291129644,
                0.12016679302501895,
                0.12130401819560273,
                0.12206216830932524,
                0.12395754359363154,
                0.12736921910538287,
                0.1288855193328279,
                0.12964366944655042,
                0.13002274450341167,
                0.13191811978771797,
                0.13305534495830174,
                0.13381349507202425,
                0.13684609552691432,
                0.13949962092494314,
                0.14291129643669448,
                0.14404852160727824,
                0.14556482183472327,
                0.14670204700530706,
                0.1470811220621683,
                0.14783927217589082,
                0.1489764973464746,
                0.15049279757391965,
                0.15238817285822592,
                0.15428354814253223,
                0.15504169825625475,
                0.155420773313116,
                0.1599696739954511,
                0.1618650492797574,
                0.1626231993934799,
                0.16300227445034116,
                0.16376042456406367,
                0.16489764973464746,
                0.16906747536012132,
                0.16982562547384383,
                0.17361637604245642,
                0.17399545109931766,
                0.18271417740712662,
                0.18347232752084913,
                0.18498862774829417,
                0.1853677028051554,
                0.18877937831690675,
                0.1899166034874905,
                1.0
            ],
            "tpr": [
                0.0,
                0.5285714285714286,
                0.7714285714285715,
                0.7714285714285715,
                0.8857142857142857,
                0.8857142857142857,
                0.8857142857142857,
                0.8857142857142857,
                0.8857142857142857,
                0.8857142857142857,
                0.8857142857142857,
                0.8857142857142857,
                0.8857142857142857,
                0.8857142857142857,
                0.8857142857142857,
                0.8857142857142857,
                0.8857142857142857,
                0.8857142857142857,
                0.8857142857142857,
                0.8857142857142857,
                0.8857142857142857,
                0.8857142857142857,
                0.8857142857142857,
                0.8857142857142857,
                0.8857142857142857,
                0.9,
                0.9,
                0.9142857142857143,
                0.9142857142857143,
                0.9142857142857143,
                0.9142857142857143,
                0.9142857142857143,
                0.9142857142857143,
                0.9142857142857143,
                0.9142857142857143,
                0.9142857142857143,
                0.9142857142857143,
                0.9142857142857143,
                0.9142857142857143,
                0.9285714285714286,
                0.9285714285714286,
                0.9285714285714286,
                0.9285714285714286,
                0.9285714285714286,
                0.9285714285714286,
                0.9285714285714286,
                0.9285714285714286,
                0.9285714285714286,
                0.9285714285714286,
                0.9285714285714286,
                0.9285714285714286,
                0.9285714285714286,
                0.9285714285714286,
                0.9285714285714286,
                0.9428571428571428,
                0.9428571428571428,
                0.9428571428571428,
                0.9428571428571428,
                0.9428571428571428,
                0.9571428571428572,
                0.9571428571428572,
                0.9571428571428572,
                0.9714285714285714,
                0.9714285714285714,
                0.9714285714285714,
                0.9714285714285714,
                0.9714285714285714,
                0.9714285714285714,
                0.9714285714285714,
                0.9714285714285714,
                0.9714285714285714,
                0.9714285714285714,
                0.9714285714285714,
                0.9714285714285714,
                0.9714285714285714,
                0.9857142857142858,
                0.9857142857142858,
                0.9857142857142858,
                1.0,
                1.0,
                1.0,
                1.0
            ],