{
    "stats": {
        "stat_results": {
            "accuracy": 0.992245199409158,
            "recall": 0.7714285714285715,
            "precision": 0.9152542372881356,
            "f1": 0.8372093023255814,
            "auroc": 0.8840355247481858,
            "ap": 0.7119616882629175,
            "tp": 54,
            "tn": 2633,
            "fp": 5,
            "fn": 16,
            "true_pred_nodes": [
                641,
                2307,
                1540,
                2056,
                1674,
                1547,
                781,
                143,
                1035,
                915,
                660,
                1818,
                539,
                1053,
                1310,
                287,
                1570,
                674,
                1573,
                294,
                2600,
                170,
                2475,
                50,
                181,
                1206,
                311,
                572,
                1854,
                2624,
                833,
                1090,
                451,
                1732,
                1224,
                2121,
                2506,
                459,
                76,
                1229,
                1362,
                2386,
                980,
                214,
                1623,
                2654,
                738,
                869,
                874,
                1135,
                1391,
                1014,
                124,
                127
            ],
            "optimal_threshold": 0.012900000000000023,
            "roc_curve": {
                "fpr": [
                    0.0,
                    0.0003790750568612585,
                    0.0018953752843062926,
                    0.0018953752843062926,
                    1.0
                ],
                "tpr": [
                    0.0,
                    0.0,
                    0.0,
                    0.7714285714285715,
                    1.0
                ],
                "thresholds": [
                    Infinity,
                    0.9941,
                    0.989,
                    0.9871,
                    0.0
                ]
            }
        },
        "predicted_anomalies_len": 1,
        "batch_number": 62,
        "batch_time": "0:00:00.750239",
        "total_time": "0:01:00.680863",
        "cumulative_verified": 59,
        "copied_pending": 61
    },
    "anomalies": [
        {
            "anchor": 1391,
            "neigh": [
                1391,
                833,
                2307,
                1674,
                1035,
                915,
                1573
            ],
            "score": 0.0129,
            "freq": 0.0129,
            "weight": 0.00258493353028065,
            "original": true,
            "is_true": true
        }
    ]
}