{
    "stats": {
        "stat_results": {
            "accuracy": 0.98301329394387,
            "recall": 0.38571428571428573,
            "precision": 0.9,
            "f1": 0.54,
            "auroc": 0.6920692082746669,
            "ap": 0.36302173454315256,
            "tp": 27,
            "tn": 2635,
            "fp": 3,
            "fn": 43,
            "true_pred_nodes": [
                641,
                833,
                1090,
                1540,
                2056,
                2506,
                76,
                1547,
                143,
                459,
                1229,
                1362,
                915,
                2386,
                214,
                1623,
                539,
                1053,
                1310,
                738,
                1570,
                1573,
                2600,
                874,
                181,
                1206,
                311
            ],
            "optimal_threshold": 0.012900000000000023,
            "roc_curve": {
                "fpr": [
                    0.0,
                    0.0003790750568612585,
                    0.0011372251705837756,
                    0.0011372251705837756,
                    1.0
                ],
                "tpr": [
                    0.0,
                    0.0,
                    0.0,
                    0.38571428571428573,
                    1.0
                ],
                "thresholds": [
                    Infinity,
                    0.9896,
                    0.989,
                    0.9871,
                    0.0
                ]
            }
        },
        "predicted_anomalies_len": 0,
        "batch_number": 30,
        "batch_time": "0:00:01.195469",
        "total_time": "0:00:30.541757",
        "cumulative_verified": 30,
        "copied_pending": 63
    },
    "anomalies": []
}