{
    "stats": {
        "stat_results": {
            "accuracy": 0.982274741506647,
            "recall": 0.35714285714285715,
            "precision": 0.8928571428571429,
            "f1": 0.5102040816326531,
            "auroc": 0.6777997400628182,
            "ap": 0.3354949808579267,
            "tp": 25,
            "tn": 2635,
            "fp": 3,
            "fn": 45,
            "true_pred_nodes": [
                641,
                833,
                1090,
                1540,
                2056,
                2506,
                76,
                1547,
                143,
                459,
                1362,
                915,
                2386,
                214,
                1623,
                539,
                1053,
                1310,
                738,
                1573,
                2600,
                874,
                181,
                1206,
                311
            ],
            "optimal_threshold": 0.012900000000000023,
            "roc_curve": {
                "fpr": [
                    0.0,
                    0.0003790750568612585,
                    0.0011372251705837756,
                    0.0011372251705837756,
                    1.0
                ],
                "tpr": [
                    0.0,
                    0.0,
                    0.0,
                    0.35714285714285715,
                    1.0
                ],
                "thresholds": [
                    Infinity,
                    0.9896,
                    0.989,
                    0.9871,
                    0.0
                ]
            }
        },
        "predicted_anomalies_len": 1,
        "batch_number": 27,
        "batch_time": "0:00:00.849313",
        "total_time": "0:00:26.675519",
        "cumulative_verified": 28,
        "copied_pending": 61
    },
    "anomalies": [
        {
            "anchor": 2386,
            "neigh": [
                2386,
                738,
                2056,
                459,
                1623,
                1053,
                311
            ],
            "score": 0.0129,
            "freq": 0.0129,
            "weight": 0.00258493353028065,
            "original": true,
            "is_true": true
        }
    ]
}