{
    "stats": {
        "stat_results": {
            "accuracy": 0.9745199409158051,
            "recall": 0.04285714285714286,
            "precision": 0.6,
            "f1": 0.08,
            "auroc": 0.5210332502978448,
            "ap": 0.05045579236125765,
            "tp": 3,
            "tn": 2636,
            "fp": 2,
            "fn": 67,
            "true_pred_nodes": [
                1540,
                76,
                1053
            ],
            "optimal_threshold": 0.012900000000000023,
            "roc_curve": {
                "fpr": [
                    0.0,
                    0.0003790750568612585,
                    0.000758150113722517,
                    0.000758150113722517,
                    1.0
                ],
                "tpr": [
                    0.0,
                    0.0,
                    0.0,
                    0.04285714285714286,
                    1.0
                ],
                "thresholds": [
                    Infinity,
                    0.9896,
                    0.989,
                    0.9871,
                    0.0
                ]
            }
        },
        "predicted_anomalies_len": 1,
        "batch_number": 3,
        "batch_time": "0:00:00.940710",
        "total_time": "0:00:02.981314",
        "cumulative_verified": 5,
        "copied_pending": 24
    },
    "anomalies": [
        {
            "anchor": 1540,
            "neigh": [
                1540,
                2624,
                1090,
                76,
                1426,
                660,
                1310
            ],
            "score": 0.0129,
            "freq": 0.0129,
            "weight": 0.00258493353028065,
            "original": true,
            "is_true": true
        }
    ]
}