{
    "stats": {
        "stat_results": {
            "accuracy": 0.9848596750369276,
            "recall": 0.45714285714285713,
            "precision": 0.9142857142857143,
            "f1": 0.6095238095238096,
            "auroc": 0.7277428788042889,
            "ap": 0.43199167998070714,
            "tp": 32,
            "tn": 2635,
            "fp": 3,
            "fn": 38,
            "true_pred_nodes": [
                2624,
                641,
                833,
                1090,
                1540,
                451,
                2056,
                2506,
                76,
                1547,
                143,
                459,
                1229,
                1362,
                915,
                2386,
                660,
                214,
                1623,
                539,
                1053,
                1310,
                738,
                1570,
                674,
                1573,
                2600,
                874,
                181,
                1206,
                311,
                1014
            ],
            "optimal_threshold": 0.012900000000000023,
            "roc_curve": {
                "fpr": [
                    0.0,
                    0.0003790750568612585,
                    0.0011372251705837756,
                    0.0011372251705837756,
                    1.0
                ],
                "tpr": [
                    0.0,
                    0.0,
                    0.0,
                    0.45714285714285713,
                    1.0
                ],
                "thresholds": [
                    Infinity,
                    0.9896,
                    0.989,
                    0.9871,
                    0.0
                ]
            }
        },
        "predicted_anomalies_len": 2,
        "batch_number": 33,
        "batch_time": "0:00:01.547897",
        "total_time": "0:00:33.287125",
        "cumulative_verified": 35,
        "copied_pending": 63
    },
    "anomalies": [
        {
            "anchor": 2624,
            "neigh": [
                2624,
                1818,
                1090,
                1540,
                76,
                660,
                1310
            ],
            "score": 0.0129,
            "freq": 0.0129,
            "weight": 0.00258493353028065,
            "original": true,
            "is_true": true
        },
        {
            "anchor": 451,
            "neigh": [
                451,
                1732,
                1547,
                1229,
                2475,
                572,
                869
            ],
            "score": 0.0129,
            "freq": 0.0129,
            "weight": 0.00258493353028065,
            "original": true,
            "is_true": true
        }
    ]
}