{
    "stats": {
        "stat_results": {
            "accuracy": 0.9889217134416544,
            "recall": 0.6285714285714286,
            "precision": 0.9166666666666666,
            "f1": 0.7457627118644068,
            "auroc": 0.8130510126719376,
            "ap": 0.5857916578743757,
            "tp": 44,
            "tn": 2634,
            "fp": 4,
            "fn": 26,
            "true_pred_nodes": [
                641,
                1540,
                2056,
                1547,
                781,
                143,
                1035,
                915,
                660,
                1818,
                539,
                1053,
                1310,
                287,
                1570,
                674,
                1573,
                294,
                2600,
                170,
                50,
                181,
                1206,
                311,
                572,
                2624,
                833,
                1090,
                451,
                2121,
                2506,
                459,
                76,
                1229,
                1362,
                2386,
                980,
                214,
                1623,
                2654,
                738,
                874,
                1014,
                127
            ],
            "optimal_threshold": 0.012900000000000023,
            "roc_curve": {
                "fpr": [
                    0.0,
                    0.000758150113722517,
                    0.001516300227445034,
                    0.001516300227445034,
                    1.0
                ],
                "tpr": [
                    0.0,
                    0.0,
                    0.0,
                    0.6285714285714286,
                    1.0
                ],
                "thresholds": [
                    Infinity,
                    0.9896,
                    0.989,
                    0.9871,
                    0.0
                ]
            }
        },
        "predicted_anomalies_len": 0,
        "batch_number": 52,
        "batch_time": "0:00:01.222220",
        "total_time": "0:00:53.142833",
        "cumulative_verified": 48,
        "copied_pending": 61
    },
    "anomalies": []
}