{
    "stats": {
        "stat_results": {
            "accuracy": 0.9767355982274741,
            "recall": 0.12857142857142856,
            "precision": 0.8181818181818182,
            "f1": 0.2222222222222222,
            "auroc": 0.5638579010072566,
            "ap": 0.127720654530108,
            "tp": 9,
            "tn": 2636,
            "fp": 2,
            "fn": 61,
            "true_pred_nodes": [
                641,
                738,
                1540,
                1573,
                76,
                1362,
                915,
                1206,
                1053
            ],
            "optimal_threshold": 0.012900000000000023,
            "roc_curve": {
                "fpr": [
                    0.0,
                    0.0003790750568612585,
                    0.000758150113722517,
                    0.000758150113722517,
                    1.0
                ],
                "tpr": [
                    0.0,
                    0.0,
                    0.0,
                    0.12857142857142856,
                    1.0
                ],
                "thresholds": [
                    Infinity,
                    0.9896,
                    0.989,
                    0.9871,
                    0.0
                ]
            }
        },
        "predicted_anomalies_len": 0,
        "batch_number": 8,
        "batch_time": "0:00:01.161781",
        "total_time": "0:00:07.752303",
        "cumulative_verified": 11,
        "copied_pending": 48
    },
    "anomalies": []
}