{
    "stats": {
        "stat_results": {
            "accuracy": 0.9881831610044313,
            "recall": 0.6,
            "precision": 0.9130434782608695,
            "f1": 0.7241379310344828,
            "auroc": 0.7987869598180439,
            "ap": 0.5581658210776443,
            "tp": 42,
            "tn": 2634,
            "fp": 4,
            "fn": 28,
            "true_pred_nodes": [
                641,
                1540,
                2056,
                1547,
                781,
                143,
                1035,
                915,
                660,
                539,
                1053,
                1310,
                287,
                1570,
                674,
                1573,
                2600,
                170,
                50,
                181,
                1206,
                311,
                572,
                2624,
                833,
                1090,
                451,
                2121,
                2506,
                459,
                76,
                1229,
                1362,
                2386,
                980,
                214,
                1623,
                2654,
                738,
                874,
                1014,
                127
            ],
            "optimal_threshold": 0.012900000000000023,
            "roc_curve": {
                "fpr": [
                    0.0,
                    0.000758150113722517,
                    0.001516300227445034,
                    0.001516300227445034,
                    1.0
                ],
                "tpr": [
                    0.0,
                    0.0,
                    0.0,
                    0.6,
                    1.0
                ],
                "thresholds": [
                    Infinity,
                    0.9896,
                    0.989,
                    0.9871,
                    0.0
                ]
            }
        },
        "predicted_anomalies_len": 0,
        "batch_number": 47,
        "batch_time": "0:00:00.924478",
        "total_time": "0:00:47.424281",
        "cumulative_verified": 46,
        "copied_pending": 62
    },
    "anomalies": []
}