{
    "stats": {
        "stat_results": {
            "accuracy": 0.9940915805022157,
            "recall": 0.8571428571428571,
            "precision": 0.9090909090909091,
            "f1": 0.8823529411764706,
            "auroc": 0.9264594389689158,
            "ap": 0.7829135414068944,
            "tp": 60,
            "tn": 2632,
            "fp": 6,
            "fn": 10,
            "true_pred_nodes": [
                641,
                2307,
                1540,
                2056,
                1674,
                1547,
                781,
                143,
                1035,
                1426,
                915,
                660,
                1818,
                539,
                1053,
                1310,
                287,
                2078,
                1533,
                1570,
                674,
                1573,
                294,
                2600,
                170,
                2475,
                938,
                2479,
                50,
                181,
                1206,
                311,
                572,
                1854,
                2624,
                833,
                1090,
                451,
                1732,
                1224,
                2121,
                2506,
                459,
                76,
                1229,
                843,
                1362,
                2386,
                980,
                214,
                1623,
                2654,
                738,
                869,
                874,
                1135,
                1391,
                1014,
                124,
                127
            ],
            "optimal_threshold": 0.012900000000000023,
            "roc_curve": {
                "fpr": [
                    0.0,
                    0.0003790750568612585,
                    0.000758150113722517,
                    0.002274450341167551,
                    0.002274450341167551,
                    1.0
                ],
                "tpr": [
                    0.0,
                    0.0,
                    0.0,
                    0.0,
                    0.8571428571428571,
                    1.0
                ],
                "thresholds": [
                    Infinity,
                    0.9975,
                    0.9941,
                    0.989,
                    0.9871,
                    0.0
                ]
            }
        },
        "predicted_anomalies_len": 0,
        "batch_number": 71,
        "batch_time": "0:00:00.529506",
        "total_time": "0:01:09.340295",
        "cumulative_verified": 66,
        "copied_pending": 62
    },
    "anomalies": []
}