{
    "stats": {
        "stat_results": {
            "accuracy": 0.9807976366322009,
            "recall": 0.3,
            "precision": 0.875,
            "f1": 0.44680851063829785,
            "auroc": 0.6492608036391205,
            "ap": 0.28059453471196455,
            "tp": 21,
            "tn": 2635,
            "fp": 3,
            "fn": 49,
            "true_pred_nodes": [
                641,
                833,
                1090,
                1540,
                2056,
                2506,
                76,
                1547,
                143,
                1362,
                915,
                214,
                539,
                1053,
                1310,
                738,
                1573,
                2600,
                874,
                181,
                1206
            ],
            "optimal_threshold": 0.012900000000000023,
            "roc_curve": {
                "fpr": [
                    0.0,
                    0.0003790750568612585,
                    0.0011372251705837756,
                    0.0011372251705837756,
                    1.0
                ],
                "tpr": [
                    0.0,
                    0.0,
                    0.0,
                    0.3,
                    1.0
                ],
                "thresholds": [
                    Infinity,
                    0.9896,
                    0.989,
                    0.9871,
                    0.0
                ]
            }
        },
        "predicted_anomalies_len": 3,
        "batch_number": 23,
        "batch_time": "0:00:01.387928",
        "total_time": "0:00:22.835113",
        "cumulative_verified": 24,
        "copied_pending": 63
    },
    "anomalies": [
        {
            "anchor": 143,
            "neigh": [
                143,
                674,
                781,
                2121,
                181,
                1014,
                539
            ],
            "score": 0.0129,
            "freq": 0.0129,
            "weight": 0.00258493353028065,
            "original": true,
            "is_true": true
        },
        {
            "anchor": 1310,
            "neigh": [
                1310,
                2624,
                1570,
                1540,
                76,
                1426,
                660
            ],
            "score": 0.0129,
            "freq": 0.0129,
            "weight": 0.00258493353028065,
            "original": true,
            "is_true": true
        },
        {
            "anchor": 1090,
            "neigh": [
                1090,
                2624,
                1570,
                1540,
                76,
                1426,
                660
            ],
            "score": 0.0129,
            "freq": 0.0129,
            "weight": 0.00258493353028065,
            "original": true,
            "is_true": true
        }
    ]
}