{
    "stats": {
        "stat_results": {
            "accuracy": 0.9896602658788775,
            "recall": 0.6571428571428571,
            "precision": 0.92,
            "f1": 0.7666666666666667,
            "auroc": 0.8273150655258311,
            "ap": 0.6134340578181051,
            "tp": 46,
            "tn": 2634,
            "fp": 4,
            "fn": 24,
            "true_pred_nodes": [
                641,
                1540,
                2056,
                1547,
                781,
                143,
                1035,
                915,
                660,
                1818,
                539,
                1053,
                1310,
                287,
                1570,
                674,
                1573,
                294,
                2600,
                170,
                50,
                181,
                1206,
                311,
                572,
                2624,
                833,
                1090,
                451,
                1224,
                2121,
                2506,
                459,
                76,
                1229,
                1362,
                2386,
                980,
                214,
                1623,
                2654,
                738,
                869,
                874,
                1014,
                127
            ],
            "optimal_threshold": 0.012900000000000023,
            "roc_curve": {
                "fpr": [
                    0.0,
                    0.000758150113722517,
                    0.001516300227445034,
                    0.001516300227445034,
                    1.0
                ],
                "tpr": [
                    0.0,
                    0.0,
                    0.0,
                    0.6571428571428571,
                    1.0
                ],
                "thresholds": [
                    Infinity,
                    0.9896,
                    0.989,
                    0.9871,
                    0.0
                ]
            }
        },
        "predicted_anomalies_len": 1,
        "batch_number": 55,
        "batch_time": "0:00:00.638119",
        "total_time": "0:00:54.912484",
        "cumulative_verified": 50,
        "copied_pending": 61
    },
    "anomalies": [
        {
            "anchor": 1224,
            "neigh": [
                1224,
                833,
                2307,
                1035,
                915,
                1573,
                1135
            ],
            "score": 0.0129,
            "freq": 0.0129,
            "weight": 0.00258493353028065,
            "original": true,
            "is_true": true
        }
    ]
}