{
    "stats": {
        "stat_results": {
            "accuracy": 0.9863367799113737,
            "recall": 0.5142857142857142,
            "precision": 0.9230769230769231,
            "f1": 0.6605504587155964,
            "auroc": 0.7562818152279865,
            "ap": 0.4872806661580664,
            "tp": 36,
            "tn": 2635,
            "fp": 3,
            "fn": 34,
            "true_pred_nodes": [
                641,
                1540,
                2056,
                1547,
                781,
                143,
                1035,
                915,
                660,
                539,
                1053,
                1310,
                1570,
                674,
                1573,
                2600,
                170,
                181,
                1206,
                311,
                2624,
                833,
                1090,
                451,
                2121,
                2506,
                459,
                76,
                1229,
                1362,
                2386,
                214,
                1623,
                738,
                874,
                1014
            ],
            "optimal_threshold": 0.012900000000000023,
            "roc_curve": {
                "fpr": [
                    0.0,
                    0.0003790750568612585,
                    0.0011372251705837756,
                    0.0011372251705837756,
                    1.0
                ],
                "tpr": [
                    0.0,
                    0.0,
                    0.0,
                    0.5142857142857142,
                    1.0
                ],
                "thresholds": [
                    Infinity,
                    0.9896,
                    0.989,
                    0.9871,
                    0.0
                ]
            }
        },
        "predicted_anomalies_len": 2,
        "batch_number": 35,
        "batch_time": "0:00:00.840332",
        "total_time": "0:00:34.735192",
        "cumulative_verified": 39,
        "copied_pending": 62
    },
    "anomalies": [
        {
            "anchor": 1035,
            "neigh": [
                1035,
                833,
                1224,
                2307,
                915,
                1573,
                1135
            ],
            "score": 0.0129,
            "freq": 0.0129,
            "weight": 0.00258493353028065,
            "original": true,
            "is_true": true
        },
        {
            "anchor": 170,
            "neigh": [
                170,
                641,
                2600,
                2654,
                1854,
                50,
                214
            ],
            "score": 0.0129,
            "freq": 0.0129,
            "weight": 0.00258493353028065,
            "original": true,
            "is_true": true
        }
    ]
}