{
    "stats": {
        "stat_results": {
            "accuracy": 0.9937223042836041,
            "recall": 0.8428571428571429,
            "precision": 0.9076923076923077,
            "f1": 0.8740740740740741,
            "auroc": 0.9193328278999242,
            "ap": 0.7691169834596718,
            "tp": 59,
            "tn": 2632,
            "fp": 6,
            "fn": 11,
            "true_pred_nodes": [
                641,
                2307,
                1540,
                2056,
                1674,
                1547,
                781,
                143,
                1035,
                1426,
                915,
                660,
                1818,
                539,
                1053,
                1310,
                287,
                2078,
                1533,
                1570,
                674,
                1573,
                294,
                2600,
                170,
                2475,
                938,
                2479,
                50,
                181,
                1206,
                311,
                572,
                1854,
                2624,
                833,
                1090,
                451,
                1732,
                1224,
                2121,
                2506,
                459,
                76,
                1229,
                1362,
                2386,
                980,
                214,
                1623,
                2654,
                738,
                869,
                874,
                1135,
                1391,
                1014,
                124,
                127
            ],
            "optimal_threshold": 0.012900000000000023,
            "roc_curve": {
                "fpr": [
                    0.0,
                    0.0003790750568612585,
                    0.000758150113722517,
                    0.002274450341167551,
                    0.002274450341167551,
                    1.0
                ],
                "tpr": [
                    0.0,
                    0.0,
                    0.0,
                    0.0,
                    0.8428571428571429,
                    1.0
                ],
                "thresholds": [
                    Infinity,
                    0.9975,
                    0.9941,
                    0.989,
                    0.9871,
                    0.0
                ]
            }
        },
        "predicted_anomalies_len": 3,
        "batch_number": 65,
        "batch_time": "0:00:00.710190",
        "total_time": "0:01:04.015620",
        "cumulative_verified": 65,
        "copied_pending": 62
    },
    "anomalies": [
        {
            "anchor": 2078,
            "neigh": [
                2078,
                641,
                2600,
                214,
                170,
                50,
                1854
            ],
            "score": 0.0129,
            "freq": 0.0129,
            "weight": 0.00258493353028065,
            "original": true,
            "is_true": true
        },
        {
            "anchor": 1533,
            "neigh": [
                1533,
                2624,
                1540,
                76,
                1426,
                660,
                1310
            ],
            "score": 0.0129,
            "freq": 0.0129,
            "weight": 0.00258493353028065,
            "original": true,
            "is_true": true
        },
        {
            "anchor": 938,
            "neigh": [
                938,
                2198,
                843,
                1362,
                980,
                151,
                287
            ],
            "score": 0.0129,
            "freq": 0.0129,
            "weight": 0.00258493353028065,
            "original": true,
            "is_true": true
        }
    ]
}