{
    "stats": {
        "stat_results": {
            "accuracy": 0.9874446085672083,
            "recall": 0.5571428571428572,
            "precision": 0.9285714285714286,
            "f1": 0.6964285714285714,
            "auroc": 0.7776860175457597,
            "ap": 0.5287945015524673,
            "tp": 39,
            "tn": 2635,
            "fp": 3,
            "fn": 31,
            "true_pred_nodes": [
                641,
                1540,
                2056,
                1547,
                781,
                143,
                1035,
                915,
                660,
                539,
                1053,
                1310,
                287,
                1570,
                674,
                1573,
                2600,
                170,
                181,
                1206,
                311,
                572,
                2624,
                833,
                1090,
                451,
                2121,
                2506,
                459,
                76,
                1229,
                1362,
                2386,
                980,
                214,
                1623,
                738,
                874,
                1014
            ],
            "optimal_threshold": 0.012900000000000023,
            "roc_curve": {
                "fpr": [
                    0.0,
                    0.0003790750568612585,
                    0.0011372251705837756,
                    0.0011372251705837756,
                    1.0
                ],
                "tpr": [
                    0.0,
                    0.0,
                    0.0,
                    0.5571428571428572,
                    1.0
                ],
                "thresholds": [
                    Infinity,
                    0.9896,
                    0.989,
                    0.9871,
                    0.0
                ]
            }
        },
        "predicted_anomalies_len": 2,
        "batch_number": 41,
        "batch_time": "0:00:00.952173",
        "total_time": "0:00:40.905409",
        "cumulative_verified": 42,
        "copied_pending": 65
    },
    "anomalies": [
        {
            "anchor": 572,
            "neigh": [
                572,
                451,
                869,
                1732,
                1547,
                1229,
                2475
            ],
            "score": 0.0129,
            "freq": 0.0129,
            "weight": 0.00258493353028065,
            "original": true,
            "is_true": true
        },
        {
            "anchor": 287,
            "neigh": [
                287,
                294,
                938,
                843,
                1362,
                980,
                2198
            ],
            "score": 0.0129,
            "freq": 0.0129,
            "weight": 0.00258493353028065,
            "original": true,
            "is_true": true
        }
    ]
}