{
    "stats": {
        "stat_results": {
            "accuracy": 0.9756277695716395,
            "recall": 0.08571428571428572,
            "precision": 0.75,
            "f1": 0.15384615384615385,
            "auroc": 0.5424455756525506,
            "ap": 0.08791939227685165,
            "tp": 6,
            "tn": 2636,
            "fp": 2,
            "fn": 64,
            "true_pred_nodes": [
                641,
                1362,
                1540,
                1573,
                76,
                1053
            ],
            "optimal_threshold": 0.012900000000000023,
            "roc_curve": {
                "fpr": [
                    0.0,
                    0.0003790750568612585,
                    0.000758150113722517,
                    0.000758150113722517,
                    1.0
                ],
                "tpr": [
                    0.0,
                    0.0,
                    0.0,
                    0.08571428571428572,
                    1.0
                ],
                "thresholds": [
                    Infinity,
                    0.9896,
                    0.989,
                    0.9871,
                    0.0
                ]
            }
        },
        "predicted_anomalies_len": 2,
        "batch_number": 5,
        "batch_time": "0:00:00.740818",
        "total_time": "0:00:04.555350",
        "cumulative_verified": 8,
        "copied_pending": 42
    },
    "anomalies": [
        {
            "anchor": 1573,
            "neigh": [
                1573,
                833,
                438,
                2307,
                1224,
                915,
                1135
            ],
            "score": 0.0129,
            "freq": 0.0129,
            "weight": 0.00258493353028065,
            "original": true,
            "is_true": true
        },
        {
            "anchor": 1362,
            "neigh": [
                1362,
                294,
                938,
                843,
                980,
                2518,
                151
            ],
            "score": 0.0129,
            "freq": 0.0129,
            "weight": 0.00258493353028065,
            "original": true,
            "is_true": true
        }
    ]
}