{
    "stats": {
        "stat_results": {
            "accuracy": 0.9867060561299852,
            "recall": 0.5285714285714286,
            "precision": 0.925,
            "f1": 0.6727272727272727,
            "auroc": 0.7634165493339109,
            "ap": 0.5011146866427516,
            "tp": 37,
            "tn": 2635,
            "fp": 3,
            "fn": 33,
            "true_pred_nodes": [
                641,
                1540,
                2056,
                1547,
                781,
                143,
                1035,
                915,
                660,
                539,
                1053,
                1310,
                1570,
                674,
                1573,
                2600,
                170,
                181,
                1206,
                311,
                2624,
                833,
                1090,
                451,
                2121,
                2506,
                459,
                76,
                1229,
                1362,
                2386,
                980,
                214,
                1623,
                738,
                874,
                1014
            ],
            "optimal_threshold": 0.012900000000000023,
            "roc_curve": {
                "fpr": [
                    0.0,
                    0.0003790750568612585,
                    0.0011372251705837756,
                    0.0011372251705837756,
                    1.0
                ],
                "tpr": [
                    0.0,
                    0.0,
                    0.0,
                    0.5285714285714286,
                    1.0
                ],
                "thresholds": [
                    Infinity,
                    0.9896,
                    0.989,
                    0.9871,
                    0.0
                ]
            }
        },
        "predicted_anomalies_len": 0,
        "batch_number": 38,
        "batch_time": "0:00:01.672482",
        "total_time": "0:00:37.992138",
        "cumulative_verified": 40,
        "copied_pending": 65
    },
    "anomalies": []
}