{
    "stats": {
        "stat_results": {
            "accuracy": 0.9855982274741507,
            "recall": 0.4857142857142857,
            "precision": 0.918918918918919,
            "f1": 0.6355140186915887,
            "auroc": 0.7420123470161378,
            "ap": 0.45962599020206113,
            "tp": 34,
            "tn": 2635,
            "fp": 3,
            "fn": 36,
            "true_pred_nodes": [
                2624,
                641,
                833,
                1090,
                1540,
                451,
                2056,
                2121,
                2506,
                76,
                1547,
                143,
                459,
                1229,
                1362,
                915,
                2386,
                660,
                214,
                1623,
                781,
                539,
                1053,
                1310,
                738,
                1570,
                674,
                1573,
                2600,
                874,
                181,
                1206,
                311,
                1014
            ],
            "optimal_threshold": 0.012900000000000023,
            "roc_curve": {
                "fpr": [
                    0.0,
                    0.0003790750568612585,
                    0.0011372251705837756,
                    0.0011372251705837756,
                    1.0
                ],
                "tpr": [
                    0.0,
                    0.0,
                    0.0,
                    0.4857142857142857,
                    1.0
                ],
                "thresholds": [
                    Infinity,
                    0.9896,
                    0.989,
                    0.9871,
                    0.0
                ]
            }
        },
        "predicted_anomalies_len": 1,
        "batch_number": 34,
        "batch_time": "0:00:00.607735",
        "total_time": "0:00:33.894860",
        "cumulative_verified": 37,
        "copied_pending": 62
    },
    "anomalies": [
        {
            "anchor": 781,
            "neigh": [
                781,
                674,
                2121,
                143,
                181,
                1014,
                539
            ],
            "score": 0.0129,
            "freq": 0.0129,
            "weight": 0.00258493353028065,
            "original": true,
            "is_true": true
        }
    ]
}