{
    "stats": {
        "stat_results": {
            "accuracy": 0.9833825701624815,
            "recall": 0.4,
            "precision": 0.9032258064516129,
            "f1": 0.5544554455445545,
            "auroc": 0.6992039423805914,
            "ap": 0.37679992376232907,
            "tp": 28,
            "tn": 2635,
            "fp": 3,
            "fn": 42,
            "true_pred_nodes": [
                641,
                833,
                1090,
                1540,
                2056,
                2506,
                76,
                1547,
                143,
                459,
                1229,
                1362,
                915,
                2386,
                214,
                1623,
                539,
                1053,
                1310,
                738,
                1570,
                674,
                1573,
                2600,
                874,
                181,
                1206,
                311
            ],
            "optimal_threshold": 0.012900000000000023,
            "roc_curve": {
                "fpr": [
                    0.0,
                    0.0003790750568612585,
                    0.0011372251705837756,
                    0.0011372251705837756,
                    1.0
                ],
                "tpr": [
                    0.0,
                    0.0,
                    0.0,
                    0.4,
                    1.0
                ],
                "thresholds": [
                    Infinity,
                    0.9896,
                    0.989,
                    0.9871,
                    0.0
                ]
            }
        },
        "predicted_anomalies_len": 1,
        "batch_number": 31,
        "batch_time": "0:00:00.539097",
        "total_time": "0:00:31.080854",
        "cumulative_verified": 31,
        "copied_pending": 63
    },
    "anomalies": [
        {
            "anchor": 674,
            "neigh": [
                674,
                781,
                2121,
                143,
                181,
                1014,
                539
            ],
            "score": 0.0129,
            "freq": 0.0129,
            "weight": 0.00258493353028065,
            "original": true,
            "is_true": true
        }
    ]
}