{
    "stats": {
        "stat_results": {
            "accuracy": 0.991506646971935,
            "recall": 0.7428571428571429,
            "precision": 0.9122807017543859,
            "f1": 0.8188976377952756,
            "auroc": 0.8697768872522474,
            "ap": 0.6843412075239799,
            "tp": 52,
            "tn": 2633,
            "fp": 5,
            "fn": 18,
            "true_pred_nodes": [
                641,
                2307,
                1540,
                2056,
                1674,
                1547,
                781,
                143,
                1035,
                915,
                660,
                1818,
                539,
                1053,
                1310,
                287,
                1570,
                674,
                1573,
                294,
                2600,
                170,
                2475,
                50,
                181,
                1206,
                311,
                572,
                2624,
                833,
                1090,
                451,
                1732,
                1224,
                2121,
                2506,
                459,
                76,
                1229,
                1362,
                2386,
                980,
                214,
                1623,
                2654,
                738,
                869,
                874,
                1135,
                1014,
                124,
                127
            ],
            "optimal_threshold": 0.012900000000000023,
            "roc_curve": {
                "fpr": [
                    0.0,
                    0.0003790750568612585,
                    0.0018953752843062926,
                    0.0018953752843062926,
                    1.0
                ],
                "tpr": [
                    0.0,
                    0.0,
                    0.0,
                    0.7428571428571429,
                    1.0
                ],
                "thresholds": [
                    Infinity,
                    0.9941,
                    0.989,
                    0.9871,
                    0.0
                ]
            }
        },
        "predicted_anomalies_len": 0,
        "batch_number": 59,
        "batch_time": "0:00:01.092549",
        "total_time": "0:00:58.558710",
        "cumulative_verified": 57,
        "copied_pending": 58
    },
    "anomalies": []
}