{
    "stats": {
        "stat_results": {
            "accuracy": 0.9807976366322009,
            "recall": 0.3,
            "precision": 0.875,
            "f1": 0.44680851063829785,
            "auroc": 0.6492608036391205,
            "ap": 0.28059453471196455,
            "tp": 21,
            "tn": 2635,
            "fp": 3,
            "fn": 49,
            "true_pred_nodes": [
                641,
                833,
                1090,
                1540,
                2056,
                2506,
                76,
                1547,
                143,
                1362,
                915,
                214,
                539,
                1053,
                1310,
                738,
                1573,
                2600,
                874,
                181,
                1206
            ],
            "optimal_threshold": 0.012900000000000023,
            "roc_curve": {
                "fpr": [
                    0.0,
                    0.0003790750568612585,
                    0.0011372251705837756,
                    0.0011372251705837756,
                    1.0
                ],
                "tpr": [
                    0.0,
                    0.0,
                    0.0,
                    0.3,
                    1.0
                ],
                "thresholds": [
                    Infinity,
                    0.9896,
                    0.989,
                    0.9871,
                    0.0
                ]
            }
        },
        "predicted_anomalies_len": 0,
        "batch_number": 24,
        "batch_time": "0:00:00.708185",
        "total_time": "0:00:23.543298",
        "cumulative_verified": 24,
        "copied_pending": 63
    },
    "anomalies": []
}