{
    "stats": {
        "stat_results": {
            "accuracy": 0.9782127031019202,
            "recall": 0.2,
            "precision": 0.8235294117647058,
            "f1": 0.3218390804597701,
            "auroc": 0.5993176648976497,
            "ap": 0.18538535059518638,
            "tp": 14,
            "tn": 2635,
            "fp": 3,
            "fn": 56,
            "true_pred_nodes": [
                641,
                738,
                833,
                1540,
                1573,
                2056,
                874,
                76,
                1362,
                915,
                181,
                1206,
                539,
                1053
            ],
            "optimal_threshold": 0.012900000000000023,
            "roc_curve": {
                "fpr": [
                    0.0,
                    0.0003790750568612585,
                    0.0011372251705837756,
                    0.0011372251705837756,
                    1.0
                ],
                "tpr": [
                    0.0,
                    0.0,
                    0.0,
                    0.2,
                    1.0
                ],
                "thresholds": [
                    Infinity,
                    0.9896,
                    0.989,
                    0.9871,
                    0.0
                ]
            }
        },
        "predicted_anomalies_len": 0,
        "batch_number": 18,
        "batch_time": "0:00:00.738594",
        "total_time": "0:00:18.185093",
        "cumulative_verified": 17,
        "copied_pending": 56
    },
    "anomalies": []
}