{
    "stats": {
        "stat_results": {
            "accuracy": 0.9796898079763663,
            "recall": 0.2571428571428571,
            "precision": 0.8571428571428571,
            "f1": 0.3956043956043956,
            "auroc": 0.6278566013213474,
            "ap": 0.23961052663310523,
            "tp": 18,
            "tn": 2635,
            "fp": 3,
            "fn": 52,
            "true_pred_nodes": [
                641,
                833,
                1540,
                2056,
                2506,
                76,
                1547,
                1362,
                915,
                214,
                539,
                1053,
                738,
                1573,
                2600,
                874,
                181,
                1206
            ],
            "optimal_threshold": 0.012900000000000023,
            "roc_curve": {
                "fpr": [
                    0.0,
                    0.0003790750568612585,
                    0.0011372251705837756,
                    0.0011372251705837756,
                    1.0
                ],
                "tpr": [
                    0.0,
                    0.0,
                    0.0,
                    0.2571428571428571,
                    1.0
                ],
                "thresholds": [
                    Infinity,
                    0.9896,
                    0.989,
                    0.9871,
                    0.0
                ]
            }
        },
        "predicted_anomalies_len": 1,
        "batch_number": 22,
        "batch_time": "0:00:00.819584",
        "total_time": "0:00:21.447185",
        "cumulative_verified": 21,
        "copied_pending": 62
    },
    "anomalies": [
        {
            "anchor": 1547,
            "neigh": [
                1547,
                1229,
                451,
                1732,
                2475,
                572,
                869
            ],
            "score": 0.0129,
            "freq": 0.0129,
            "weight": 0.00258493353028065,
            "original": true,
            "is_true": true
        }
    ]
}