{
    "stats": {
        "stat_results": {
            "accuracy": 0.9748892171344166,
            "recall": 0.05714285714285714,
            "precision": 0.6666666666666666,
            "f1": 0.10526315789473684,
            "auroc": 0.5281706920827467,
            "ap": 0.06246746852359851,
            "tp": 4,
            "tn": 2636,
            "fp": 2,
            "fn": 66,
            "true_pred_nodes": [
                641,
                1540,
                76,
                1053
            ],
            "optimal_threshold": 0.012900000000000023,
            "roc_curve": {
                "fpr": [
                    0.0,
                    0.0003790750568612585,
                    0.000758150113722517,
                    0.000758150113722517,
                    1.0
                ],
                "tpr": [
                    0.0,
                    0.0,
                    0.0,
                    0.05714285714285714,
                    1.0
                ],
                "thresholds": [
                    Infinity,
                    0.9896,
                    0.989,
                    0.9871,
                    0.0
                ]
            }
        },
        "predicted_anomalies_len": 1,
        "batch_number": 4,
        "batch_time": "0:00:00.833218",
        "total_time": "0:00:03.814532",
        "cumulative_verified": 6,
        "copied_pending": 30
    },
    "anomalies": [
        {
            "anchor": 641,
            "neigh": [
                641,
                2600,
                2654,
                170,
                1854,
                50,
                214
            ],
            "score": 0.0129,
            "freq": 0.0129,
            "weight": 0.00258493353028065,
            "original": true,
            "is_true": true
        }
    ]
}