{
    "stats": {
        "stat_results": {
            "accuracy": 0.9774741506646972,
            "recall": 0.17142857142857143,
            "precision": 0.8,
            "f1": 0.2823529411764706,
            "auroc": 0.585048196685801,
            "ap": 0.1585608778223254,
            "tp": 12,
            "tn": 2635,
            "fp": 3,
            "fn": 58,
            "true_pred_nodes": [
                641,
                738,
                1540,
                1573,
                2056,
                874,
                76,
                1362,
                915,
                181,
                1206,
                1053
            ],
            "optimal_threshold": 0.012900000000000023,
            "roc_curve": {
                "fpr": [
                    0.0,
                    0.0003790750568612585,
                    0.0011372251705837756,
                    0.0011372251705837756,
                    1.0
                ],
                "tpr": [
                    0.0,
                    0.0,
                    0.0,
                    0.17142857142857143,
                    1.0
                ],
                "thresholds": [
                    Infinity,
                    0.9896,
                    0.989,
                    0.9871,
                    0.0
                ]
            }
        },
        "predicted_anomalies_len": 0,
        "batch_number": 12,
        "batch_time": "0:00:01.412430",
        "total_time": "0:00:12.478958",
        "cumulative_verified": 15,
        "copied_pending": 55
    },
    "anomalies": []
}