{
    "stats": {
        "stat_results": {
            "accuracy": 0.9778434268833087,
            "recall": 0.18571428571428572,
            "precision": 0.8125,
            "f1": 0.3023255813953488,
            "auroc": 0.5921829307917253,
            "ap": 0.17194160160371388,
            "tp": 13,
            "tn": 2635,
            "fp": 3,
            "fn": 57,
            "true_pred_nodes": [
                641,
                738,
                833,
                1540,
                1573,
                2056,
                874,
                76,
                1362,
                915,
                181,
                1206,
                1053
            ],
            "optimal_threshold": 0.012900000000000023,
            "roc_curve": {
                "fpr": [
                    0.0,
                    0.0003790750568612585,
                    0.0011372251705837756,
                    0.0011372251705837756,
                    1.0
                ],
                "tpr": [
                    0.0,
                    0.0,
                    0.0,
                    0.18571428571428572,
                    1.0
                ],
                "thresholds": [
                    Infinity,
                    0.9896,
                    0.989,
                    0.9871,
                    0.0
                ]
            }
        },
        "predicted_anomalies_len": 1,
        "batch_number": 13,
        "batch_time": "0:00:01.474539",
        "total_time": "0:00:13.953497",
        "cumulative_verified": 16,
        "copied_pending": 55
    },
    "anomalies": [
        {
            "anchor": 833,
            "neigh": [
                833,
                2307,
                1224,
                1035,
                915,
                1573,
                1135
            ],
            "score": 0.0129,
            "freq": 0.0129,
            "weight": 0.00258493353028065,
            "original": true,
            "is_true": true
        }
    ]
}