{
    "stats": {
        "stat_results": {
            "accuracy": 0.9878138847858198,
            "recall": 0.5857142857142857,
            "precision": 0.9111111111111111,
            "f1": 0.7130434782608696,
            "auroc": 0.7916549333910972,
            "ap": 0.5443598039905279,
            "tp": 41,
            "tn": 2634,
            "fp": 4,
            "fn": 29,
            "true_pred_nodes": [
                641,
                1540,
                2056,
                1547,
                781,
                143,
                1035,
                915,
                660,
                539,
                1053,
                1310,
                287,
                1570,
                674,
                1573,
                2600,
                170,
                50,
                181,
                1206,
                311,
                572,
                2624,
                833,
                1090,
                451,
                2121,
                2506,
                459,
                76,
                1229,
                1362,
                2386,
                980,
                214,
                1623,
                2654,
                738,
                874,
                1014
            ],
            "optimal_threshold": 0.012900000000000023,
            "roc_curve": {
                "fpr": [
                    0.0,
                    0.000758150113722517,
                    0.001516300227445034,
                    0.001516300227445034,
                    1.0
                ],
                "tpr": [
                    0.0,
                    0.0,
                    0.0,
                    0.5857142857142857,
                    1.0
                ],
                "thresholds": [
                    Infinity,
                    0.9896,
                    0.989,
                    0.9871,
                    0.0
                ]
            }
        },
        "predicted_anomalies_len": 2,
        "batch_number": 44,
        "batch_time": "0:00:01.206163",
        "total_time": "0:00:44.368175",
        "cumulative_verified": 45,
        "copied_pending": 64
    },
    "anomalies": [
        {
            "anchor": 765,
            "neigh": [
                765,
                640,
                1147,
                2367,
                1090,
                1598,
                395
            ],
            "score": 0.0104,
            "freq": 0.0104,
            "weight": 0.00258493353028065,
            "original": true,
            "is_true": false
        },
        {
            "anchor": 2654,
            "neigh": [
                2654,
                641,
                2078,
                214,
                2600,
                170,
                50
            ],
            "score": 0.0129,
            "freq": 0.0129,
            "weight": 0.00258493353028065,
            "original": true,
            "is_true": true
        }
    ]
}