{
    "stats": {
        "stat_results": {
            "accuracy": 0.9763663220088626,
            "recall": 0.11428571428571428,
            "precision": 0.8,
            "f1": 0.2,
            "auroc": 0.5567204592223546,
            "ap": 0.11432369698248576,
            "tp": 8,
            "tn": 2636,
            "fp": 2,
            "fn": 62,
            "true_pred_nodes": [
                641,
                738,
                1540,
                1573,
                76,
                1362,
                915,
                1053
            ],
            "optimal_threshold": 0.012900000000000023,
            "roc_curve": {
                "fpr": [
                    0.0,
                    0.0003790750568612585,
                    0.000758150113722517,
                    0.000758150113722517,
                    1.0
                ],
                "tpr": [
                    0.0,
                    0.0,
                    0.0,
                    0.11428571428571428,
                    1.0
                ],
                "thresholds": [
                    Infinity,
                    0.9896,
                    0.989,
                    0.9871,
                    0.0
                ]
            }
        },
        "predicted_anomalies_len": 2,
        "batch_number": 6,
        "batch_time": "0:00:00.977830",
        "total_time": "0:00:05.533180",
        "cumulative_verified": 10,
        "copied_pending": 46
    },
    "anomalies": [
        {
            "anchor": 915,
            "neigh": [
                915,
                833,
                2307,
                1224,
                1035,
                1573,
                1135
            ],
            "score": 0.0129,
            "freq": 0.0129,
            "weight": 0.00258493353028065,
            "original": true,
            "is_true": true
        },
        {
            "anchor": 738,
            "neigh": [
                738,
                1623,
                2056,
                1053,
                311,
                2386,
                874
            ],
            "score": 0.0129,
            "freq": 0.0129,
            "weight": 0.00258493353028065,
            "original": true,
            "is_true": true
        }
    ]
}