{
    "stats": {
        "stat_results": {
            "accuracy": 0.983751846381093,
            "recall": 0.4142857142857143,
            "precision": 0.90625,
            "f1": 0.5686274509803921,
            "auroc": 0.7063386764865158,
            "ap": 0.39058675353450095,
            "tp": 29,
            "tn": 2635,
            "fp": 3,
            "fn": 41,
            "true_pred_nodes": [
                641,
                833,
                1090,
                1540,
                2056,
                2506,
                76,
                1547,
                143,
                459,
                1229,
                1362,
                915,
                2386,
                214,
                1623,
                539,
                1053,
                1310,
                738,
                1570,
                674,
                1573,
                2600,
                874,
                181,
                1206,
                311,
                1014
            ],
            "optimal_threshold": 0.012900000000000023,
            "roc_curve": {
                "fpr": [
                    0.0,
                    0.0003790750568612585,
                    0.0011372251705837756,
                    0.0011372251705837756,
                    1.0
                ],
                "tpr": [
                    0.0,
                    0.0,
                    0.0,
                    0.4142857142857143,
                    1.0
                ],
                "thresholds": [
                    Infinity,
                    0.9896,
                    0.989,
                    0.9871,
                    0.0
                ]
            }
        },
        "predicted_anomalies_len": 1,
        "batch_number": 32,
        "batch_time": "0:00:00.658374",
        "total_time": "0:00:31.739228",
        "cumulative_verified": 32,
        "copied_pending": 63
    },
    "anomalies": [
        {
            "anchor": 1014,
            "neigh": [
                1014,
                674,
                539,
                2121,
                781,
                143,
                181
            ],
            "score": 0.0129,
            "freq": 0.0129,
            "weight": 0.00258493353028065,
            "original": true,
            "is_true": true
        }
    ]
}