{
    "stats": {
        "stat_results": {
            "accuracy": 0.9789512555391433,
            "recall": 0.22857142857142856,
            "precision": 0.8421052631578947,
            "f1": 0.3595505617977528,
            "auroc": 0.6135871331094985,
            "ap": 0.21242211881254094,
            "tp": 16,
            "tn": 2635,
            "fp": 3,
            "fn": 54,
            "true_pred_nodes": [
                641,
                833,
                1540,
                2056,
                2506,
                76,
                1362,
                915,
                214,
                539,
                1053,
                738,
                1573,
                874,
                181,
                1206
            ],
            "optimal_threshold": 0.012900000000000023,
            "roc_curve": {
                "fpr": [
                    0.0,
                    0.0003790750568612585,
                    0.0011372251705837756,
                    0.0011372251705837756,
                    1.0
                ],
                "tpr": [
                    0.0,
                    0.0,
                    0.0,
                    0.22857142857142856,
                    1.0
                ],
                "thresholds": [
                    Infinity,
                    0.9896,
                    0.989,
                    0.9871,
                    0.0
                ]
            }
        },
        "predicted_anomalies_len": 0,
        "batch_number": 20,
        "batch_time": "0:00:00.664447",
        "total_time": "0:00:19.917609",
        "cumulative_verified": 19,
        "copied_pending": 56
    },
    "anomalies": []
}