{
    "stats": {
        "stat_results": {
            "accuracy": 0.992245199409158,
            "recall": 0.7857142857142857,
            "precision": 0.9016393442622951,
            "f1": 0.8396946564885496,
            "auroc": 0.8908263836239575,
            "ap": 0.713970056628119,
            "tp": 55,
            "tn": 2632,
            "fp": 6,
            "fn": 15,
            "true_pred_nodes": [
                641,
                2307,
                1540,
                2056,
                1674,
                1547,
                781,
                143,
                1035,
                915,
                660,
                1818,
                539,
                1053,
                1310,
                287,
                1570,
                674,
                1573,
                294,
                2600,
                170,
                2475,
                2479,
                50,
                181,
                1206,
                311,
                572,
                1854,
                2624,
                833,
                1090,
                451,
                1732,
                1224,
                2121,
                2506,
                459,
                76,
                1229,
                1362,
                2386,
                980,
                214,
                1623,
                2654,
                738,
                869,
                874,
                1135,
                1391,
                1014,
                124,
                127
            ],
            "optimal_threshold": 0.012900000000000023,
            "roc_curve": {
                "fpr": [
                    0.0,
                    0.0003790750568612585,
                    0.000758150113722517,
                    0.002274450341167551,
                    0.002274450341167551,
                    1.0
                ],
                "tpr": [
                    0.0,
                    0.0,
                    0.0,
                    0.0,
                    0.7857142857142857,
                    1.0
                ],
                "thresholds": [
                    Infinity,
                    0.9975,
                    0.9941,
                    0.989,
                    0.9871,
                    0.0
                ]
            }
        },
        "predicted_anomalies_len": 2,
        "batch_number": 63,
        "batch_time": "0:00:01.652901",
        "total_time": "0:01:02.333764",
        "cumulative_verified": 61,
        "copied_pending": 60
    },
    "anomalies": [
        {
            "anchor": 2479,
            "neigh": [
                2479,
                674,
                781,
                143,
                181,
                1014,
                539
            ],
            "score": 0.0129,
            "freq": 0.0129,
            "weight": 0.00258493353028065,
            "original": true,
            "is_true": true
        },
        {
            "anchor": 1525,
            "neigh": [
                1525,
                1224,
                1370,
                778,
                779,
                1919,
                1914
            ],
            "score": 0.0025,
            "freq": 0.0025,
            "weight": 0.00258493353028065,
            "original": true,
            "is_true": false
        }
    ]
}