{
    "stats": {
        "stat_results": {
            "accuracy": 0.9741506646971935,
            "recall": 0.02857142857142857,
            "precision": 0.5,
            "f1": 0.05405405405405406,
            "auroc": 0.5138958085129427,
            "ap": 0.03939649715129774,
            "tp": 2,
            "tn": 2636,
            "fp": 2,
            "fn": 68,
            "true_pred_nodes": [
                76,
                1053
            ],
            "optimal_threshold": 0.012900000000000023,
            "roc_curve": {
                "fpr": [
                    0.0,
                    0.0003790750568612585,
                    0.000758150113722517,
                    0.000758150113722517,
                    1.0
                ],
                "tpr": [
                    0.0,
                    0.0,
                    0.0,
                    0.02857142857142857,
                    1.0
                ],
                "thresholds": [
                    Infinity,
                    0.9896,
                    0.989,
                    0.9871,
                    0.0
                ]
            }
        },
        "predicted_anomalies_len": 2,
        "batch_number": 2,
        "batch_time": "0:00:00.964754",
        "total_time": "0:00:02.040604",
        "cumulative_verified": 4,
        "copied_pending": 23
    },
    "anomalies": [
        {
            "anchor": 219,
            "neigh": [
                219,
                507,
                1413,
                1542,
                1931,
                1936,
                402
            ],
            "score": 0.011,
            "freq": 0.011,
            "weight": 0.00258493353028065,
            "original": true,
            "is_true": false
        },
        {
            "anchor": 76,
            "neigh": [
                76,
                2624,
                1090,
                1540,
                1426,
                660,
                1310
            ],
            "score": 0.0129,
            "freq": 0.0129,
            "weight": 0.00258493353028065,
            "original": true,
            "is_true": true
        }
    ]
}