{
    "stats": {
        "stat_results": {
            "accuracy": 0.9907680945347119,
            "recall": 0.7,
            "precision": 0.9245283018867925,
            "f1": 0.7967479674796748,
            "auroc": 0.8487111448066716,
            "ap": 0.6549246119115967,
            "tp": 49,
            "tn": 2634,
            "fp": 4,
            "fn": 21,
            "true_pred_nodes": [
                641,
                1540,
                2056,
                1547,
                781,
                143,
                1035,
                915,
                660,
                1818,
                539,
                1053,
                1310,
                287,
                1570,
                674,
                1573,
                294,
                2600,
                170,
                2475,
                50,
                181,
                1206,
                311,
                572,
                2624,
                833,
                1090,
                451,
                1732,
                1224,
                2121,
                2506,
                459,
                76,
                1229,
                1362,
                2386,
                980,
                214,
                1623,
                2654,
                738,
                869,
                874,
                1014,
                124,
                127
            ],
            "optimal_threshold": 0.012900000000000023,
            "roc_curve": {
                "fpr": [
                    0.0,
                    0.000758150113722517,
                    0.001516300227445034,
                    0.001516300227445034,
                    1.0
                ],
                "tpr": [
                    0.0,
                    0.0,
                    0.0,
                    0.7,
                    1.0
                ],
                "thresholds": [
                    Infinity,
                    0.9896,
                    0.989,
                    0.9871,
                    0.0
                ]
            }
        },
        "predicted_anomalies_len": 1,
        "batch_number": 57,
        "batch_time": "0:00:01.107454",
        "total_time": "0:00:56.583373",
        "cumulative_verified": 53,
        "copied_pending": 59
    },
    "anomalies": [
        {
            "anchor": 124,
            "neigh": [
                124,
                869,
                451,
                1732,
                1547,
                1229,
                2475
            ],
            "score": 0.0129,
            "freq": 0.0129,
            "weight": 0.00258493353028065,
            "original": true,
            "is_true": true
        }
    ]
}