{
    "stats": {
        "stat_results": {
            "accuracy": 0.9819054652880355,
            "recall": 0.34285714285714286,
            "precision": 0.8888888888888888,
            "f1": 0.4948453608247423,
            "auroc": 0.6706650059568938,
            "ap": 0.32174861081803474,
            "tp": 24,
            "tn": 2635,
            "fp": 3,
            "fn": 46,
            "true_pred_nodes": [
                641,
                833,
                1090,
                1540,
                2056,
                2506,
                76,
                1547,
                143,
                459,
                1362,
                915,
                214,
                1623,
                539,
                1053,
                1310,
                738,
                1573,
                2600,
                874,
                181,
                1206,
                311
            ],
            "optimal_threshold": 0.012900000000000023,
            "roc_curve": {
                "fpr": [
                    0.0,
                    0.0003790750568612585,
                    0.0011372251705837756,
                    0.0011372251705837756,
                    1.0
                ],
                "tpr": [
                    0.0,
                    0.0,
                    0.0,
                    0.34285714285714286,
                    1.0
                ],
                "thresholds": [
                    Infinity,
                    0.9896,
                    0.989,
                    0.9871,
                    0.0
                ]
            }
        },
        "predicted_anomalies_len": 0,
        "batch_number": 26,
        "batch_time": "0:00:01.224071",
        "total_time": "0:00:25.826206",
        "cumulative_verified": 27,
        "copied_pending": 61
    },
    "anomalies": []
}