{
    "stats": {
        "stat_results": {
            "accuracy": 0.9793205317577548,
            "recall": 0.24285714285714285,
            "precision": 0.85,
            "f1": 0.37777777777777777,
            "auroc": 0.620721867215423,
            "ap": 0.22600021101498208,
            "tp": 17,
            "tn": 2635,
            "fp": 3,
            "fn": 53,
            "true_pred_nodes": [
                641,
                833,
                1540,
                2056,
                2506,
                76,
                1362,
                915,
                214,
                539,
                1053,
                738,
                1573,
                2600,
                874,
                181,
                1206
            ],
            "optimal_threshold": 0.012900000000000023,
            "roc_curve": {
                "fpr": [
                    0.0,
                    0.0003790750568612585,
                    0.0011372251705837756,
                    0.0011372251705837756,
                    1.0
                ],
                "tpr": [
                    0.0,
                    0.0,
                    0.0,
                    0.24285714285714285,
                    1.0
                ],
                "thresholds": [
                    Infinity,
                    0.9896,
                    0.989,
                    0.9871,
                    0.0
                ]
            }
        },
        "predicted_anomalies_len": 1,
        "batch_number": 21,
        "batch_time": "0:00:00.709992",
        "total_time": "0:00:20.627601",
        "cumulative_verified": 20,
        "copied_pending": 56
    },
    "anomalies": [
        {
            "anchor": 2600,
            "neigh": [
                2600,
                2078,
                641,
                214,
                170,
                50,
                1854
            ],
            "score": 0.0129,
            "freq": 0.0129,
            "weight": 0.00258493353028065,
            "original": true,
            "is_true": true
        }
    ]
}