{
    "stats": {
        "stat_results": {
            "accuracy": 0.9855982274741507,
            "recall": 0.9,
            "precision": 0.6631578947368421,
            "f1": 0.7636363636363637,
            "auroc": 0.9387171017004224,
            "ap": 0.5112324451665141,
            "tp": 63,
            "tn": 2606,
            "fp": 32,
            "fn": 7,
            "true_pred_nodes": [
                2307,
                1540,
                2056,
                1035,
                1547,
                781,
                1818,
                539,
                1053,
                2078,
                287,
                1310,
                1570,
                1573,
                294,
                2600,
                50,
                311,
                572,
                1854,
                2624,
                833,
                1090,
                2121,
                843,
                76,
                1362,
                2386,
                1623,
                2654,
                869,
                874,
                1901,
                1135,
                1391,
                127,
                641,
                1674,
                143,
                1426,
                915,
                660,
                2198,
                151,
                674,
                170,
                938,
                2479,
                181,
                438,
                1206,
                451,
                1732,
                1224,
                2506,
                459,
                1229,
                980,
                2518,
                214,
                738,
                1014,
                1783
            ],
            "optimal_threshold": 0.012900000000000023,
            "roc_curve": {
                "fpr": [
                    0.0,
                    0.0003790750568612585,
                    0.000758150113722517,
                    0.002274450341167551,
                    0.00265352539802881,
                    0.003411675511751327,
                    0.0037907505686125853,
                    0.004548900682335102,
                    0.00530705079605762,
                    0.0075815011372251705,
                    0.008339651250947688,
                    0.01023502653525398,
                    0.011751326762699014,
                    0.011751326762699014,
                    0.012130401819560273,
                    0.012130401819560273,
                    1.0
                ],
                "tpr": [
                    0.0,
                    0.0,
                    0.0,
                    0.0,
                    0.014285714285714285,
                    0.014285714285714285,
                    0.014285714285714285,
                    0.014285714285714285,
                    0.014285714285714285,
                    0.014285714285714285,
                    0.02857142857142857,
                    0.02857142857142857,
                    0.02857142857142857,
                    0.05714285714285714,
                    0.22857142857142856,
                    0.9,
                    1.0
                ],
                "thresholds": [
                    Infinity,
                    0.998,
                    0.9975,
                    0.9967,
                    0.9966,
                    0.9941,
                    0.9931,
                    0.9928,
                    0.9918,
                    0.9905,
                    0.9896,
                    0.989,
                    0.9888,
                    0.988,
                    0.9878,
                    0.9871,
                    0.0
                ]
            }
        },
        "predicted_anomalies_len": 3,
        "batch_number": 10,
        "batch_time": "0:00:09.435181",
        "total_time": "0:01:24.348137",
        "cumulative_verified": 95,
        "copied_pending": 111
    },
    "anomalies": [
        {
            "anchor": 127,
            "neigh": [
                127,
                641,
                2600,
                170,
                50,
                214,
                1206
            ],
            "score": 0.0129,
            "freq": 0.0129,
            "weight": 0.00258493353028065,
            "original": true,
            "is_true": true
        },
        {
            "anchor": 2479,
            "neigh": [
                2479,
                781,
                2126,
                181,
                143,
                539,
                2089
            ],
            "score": 0.0129,
            "freq": 0.0129,
            "weight": 0.00258493353028065,
            "original": true,
            "is_true": true
        },
        {
            "anchor": 366,
            "neigh": [
                366,
                1986,
                745,
                553,
                1583,
                1995,
                1127,
                2009
            ],
            "score": 0.0095,
            "freq": 0.0095,
            "weight": 0.0029542097488921715,
            "original": true,
            "is_true": false
        }
    ]
}