{
    "stats": {
        "stat_results": {
            "accuracy": 0.9852289512555391,
            "recall": 0.8571428571428571,
            "precision": 0.6666666666666666,
            "f1": 0.75,
            "auroc": 0.9182416332719593,
            "ap": 0.4889153294738998,
            "tp": 60,
            "tn": 2608,
            "fp": 30,
            "fn": 10,
            "true_pred_nodes": [
                2307,
                1540,
                2056,
                1035,
                1547,
                781,
                1818,
                539,
                1053,
                2078,
                287,
                1310,
                1570,
                1573,
                294,
                2600,
                50,
                311,
                572,
                1854,
                2624,
                833,
                1090,
                2121,
                843,
                76,
                1362,
                2386,
                1623,
                2654,
                869,
                874,
                1901,
                1135,
                1391,
                641,
                1674,
                143,
                1426,
                915,
                660,
                2198,
                151,
                674,
                170,
                938,
                181,
                438,
                451,
                1732,
                1224,
                2506,
                459,
                1229,
                980,
                2518,
                214,
                738,
                1014,
                1783
            ],
            "optimal_threshold": 0.012900000000000023,
            "roc_curve": {
                "fpr": [
                    0.0,
                    0.0003790750568612585,
                    0.000758150113722517,
                    0.002274450341167551,
                    0.00265352539802881,
                    0.003411675511751327,
                    0.0037907505686125853,
                    0.004548900682335102,
                    0.00530705079605762,
                    0.006444275966641395,
                    0.006823351023502654,
                    0.0075815011372251705,
                    0.009476876421531463,
                    0.010993176648976498,
                    0.010993176648976498,
                    0.011372251705837756,
                    0.011372251705837756,
                    1.0
                ],
                "tpr": [
                    0.0,
                    0.0,
                    0.0,
                    0.0,
                    0.014285714285714285,
                    0.014285714285714285,
                    0.014285714285714285,
                    0.014285714285714285,
                    0.014285714285714285,
                    0.014285714285714285,
                    0.014285714285714285,
                    0.02857142857142857,
                    0.02857142857142857,
                    0.02857142857142857,
                    0.05714285714285714,
                    0.22857142857142856,
                    0.8571428571428571,
                    1.0
                ],
                "thresholds": [
                    Infinity,
                    0.998,
                    0.9975,
                    0.9967,
                    0.9966,
                    0.9941,
                    0.9931,
                    0.9928,
                    0.9918,
                    0.9908,
                    0.9905,
                    0.9896,
                    0.989,
                    0.9888,
                    0.988,
                    0.9878,
                    0.9871,
                    0.0
                ]
            }
        },
        "predicted_anomalies_len": 3,
        "batch_number": 8,
        "batch_time": "0:00:07.947509",
        "total_time": "0:01:06.620497",
        "cumulative_verified": 90,
        "copied_pending": 106
    },
    "anomalies": [
        {
            "anchor": 969,
            "neigh": [
                969,
                704,
                1483,
                1743,
                2450,
                1412,
                389,
                2113
            ],
            "score": 0.0059,
            "freq": 0.0059,
            "weight": 0.0029542097488921715,
            "original": true,
            "is_true": false
        },
        {
            "anchor": 2442,
            "neigh": [
                2442,
                2530,
                867,
                1229,
                657,
                2440,
                871,
                2439
            ],
            "score": 0.0092,
            "freq": 0.0092,
            "weight": 0.0029542097488921715,
            "original": true,
            "is_true": false
        },
        {
            "anchor": 640,
            "neigh": [
                640,
                1090,
                1598,
                1093,
                2367,
                1147,
                395,
                765
            ],
            "score": 0.0033,
            "freq": 0.0033,
            "weight": 0.0029542097488921715,
            "original": true,
            "is_true": false
        }
    ]
}