{
    "stats": {
        "stat_results": {
            "accuracy": 0.9878138847858198,
            "recall": 0.8571428571428571,
            "precision": 0.7228915662650602,
            "f1": 0.7843137254901961,
            "auroc": 0.920689375067692,
            "ap": 0.5382832118970469,
            "tp": 60,
            "tn": 2615,
            "fp": 23,
            "fn": 10,
            "true_pred_nodes": [
                2307,
                1540,
                2056,
                1035,
                1547,
                781,
                1818,
                539,
                1053,
                2078,
                287,
                1310,
                1570,
                1573,
                294,
                2600,
                50,
                311,
                572,
                1854,
                2624,
                833,
                1090,
                2121,
                843,
                76,
                1362,
                2386,
                1623,
                2654,
                869,
                874,
                1901,
                1135,
                1391,
                641,
                1674,
                143,
                1426,
                915,
                660,
                2198,
                151,
                674,
                170,
                938,
                181,
                438,
                451,
                1732,
                1224,
                2506,
                459,
                1229,
                980,
                2518,
                214,
                738,
                1014,
                1783
            ],
            "optimal_threshold": 0.012900000000000023,
            "roc_curve": {
                "fpr": [
                    0.0,
                    0.0003790750568612585,
                    0.000758150113722517,
                    0.0011372251705837756,
                    0.0018953752843062926,
                    0.00265352539802881,
                    0.003032600454890068,
                    0.0037907505686125853,
                    0.004169825625473844,
                    0.004927975739196361,
                    0.006823351023502654,
                    0.008339651250947688,
                    0.008339651250947688,
                    0.008718726307808946,
                    0.008718726307808946,
                    1.0
                ],
                "tpr": [
                    0.0,
                    0.0,
                    0.0,
                    0.014285714285714285,
                    0.014285714285714285,
                    0.014285714285714285,
                    0.014285714285714285,
                    0.014285714285714285,
                    0.014285714285714285,
                    0.02857142857142857,
                    0.02857142857142857,
                    0.02857142857142857,
                    0.05714285714285714,
                    0.22857142857142856,
                    0.8571428571428571,
                    1.0
                ],
                "thresholds": [
                    Infinity,
                    0.998,
                    0.9975,
                    0.9966,
                    0.9931,
                    0.9928,
                    0.9918,
                    0.9908,
                    0.9905,
                    0.9896,
                    0.989,
                    0.9888,
                    0.988,
                    0.9878,
                    0.9871,
                    0.0
                ]
            }
        },
        "predicted_anomalies_len": 5,
        "batch_number": 6,
        "batch_time": "0:00:07.331197",
        "total_time": "0:00:49.138596",
        "cumulative_verified": 83,
        "copied_pending": 98
    },
    "anomalies": [
        {
            "anchor": 214,
            "neigh": [
                214,
                2654,
                641,
                2600,
                170,
                1854,
                50
            ],
            "score": 0.0129,
            "freq": 0.0129,
            "weight": 0.00258493353028065,
            "original": true,
            "is_true": true
        },
        {
            "anchor": 451,
            "neigh": [
                451,
                869,
                1229,
                1732,
                1547,
                2475,
                572
            ],
            "score": 0.0129,
            "freq": 0.0129,
            "weight": 0.00258493353028065,
            "original": true,
            "is_true": true
        },
        {
            "anchor": 869,
            "neigh": [
                869,
                1229,
                1732,
                1547,
                2475,
                572,
                1133
            ],
            "score": 0.0129,
            "freq": 0.0129,
            "weight": 0.00258493353028065,
            "original": true,
            "is_true": true
        },
        {
            "anchor": 1391,
            "neigh": [
                1391,
                1674,
                833,
                2307,
                1135,
                1035,
                1573
            ],
            "score": 0.0129,
            "freq": 0.0129,
            "weight": 0.00258493353028065,
            "original": true,
            "is_true": true
        },
        {
            "anchor": 1720,
            "neigh": [
                1720,
                1358,
                1169,
                1765,
                1040,
                823,
                1719,
                1317
            ],
            "score": 0.0072,
            "freq": 0.0072,
            "weight": 0.0029542097488921715,
            "original": true,
            "is_true": false
        }
    ]
}