{
    "stats": {
        "stat_results": {
            "accuracy": 0.9804283604135894,
            "recall": 0.9428571428571428,
            "precision": 0.5739130434782609,
            "f1": 0.7135135135135136,
            "auroc": 0.9540154879237517,
            "ap": 0.46063191851963753,
            "tp": 66,
            "tn": 2589,
            "fp": 49,
            "fn": 4,
            "true_pred_nodes": [
                2307,
                1540,
                2056,
                1035,
                1547,
                781,
                1818,
                539,
                1053,
                2078,
                287,
                1310,
                1533,
                1570,
                1573,
                294,
                2600,
                50,
                311,
                572,
                1854,
                2624,
                833,
                1090,
                2121,
                843,
                76,
                1362,
                2386,
                1623,
                2654,
                869,
                874,
                1901,
                1135,
                1391,
                127,
                641,
                1674,
                143,
                1426,
                915,
                660,
                2198,
                151,
                674,
                170,
                938,
                2475,
                2479,
                181,
                438,
                1206,
                451,
                1732,
                1224,
                2506,
                459,
                1229,
                1235,
                980,
                2518,
                214,
                738,
                1014,
                1783
            ],
            "optimal_threshold": 0.012900000000000023,
            "roc_curve": {
                "fpr": [
                    0.0,
                    0.0003790750568612585,
                    0.00265352539802881,
                    0.004169825625473844,
                    0.004548900682335102,
                    0.005686125852918878,
                    0.008339651250947688,
                    0.008718726307808946,
                    0.009476876421531463,
                    0.01023502653525398,
                    0.012509476876421531,
                    0.013267626990144048,
                    0.015163002274450341,
                    0.016679302501895376,
                    0.016679302501895376,
                    0.017058377558756634,
                    0.018574677786201668,
                    0.018574677786201668,
                    1.0
                ],
                "tpr": [
                    0.0,
                    0.0,
                    0.0,
                    0.0,
                    0.014285714285714285,
                    0.014285714285714285,
                    0.014285714285714285,
                    0.014285714285714285,
                    0.014285714285714285,
                    0.014285714285714285,
                    0.014285714285714285,
                    0.02857142857142857,
                    0.02857142857142857,
                    0.02857142857142857,
                    0.05714285714285714,
                    0.22857142857142856,
                    0.22857142857142856,
                    0.9428571428571428,
                    1.0
                ],
                "thresholds": [
                    Infinity,
                    0.998,
                    0.9975,
                    0.9967,
                    0.9966,
                    0.996,
                    0.9941,
                    0.9931,
                    0.9928,
                    0.9918,
                    0.9905,
                    0.9896,
                    0.989,
                    0.9888,
                    0.988,
                    0.9878,
                    0.9872,
                    0.9871,
                    0.0
                ]
            }
        },
        "predicted_anomalies_len": 2,
        "batch_number": 12,
        "batch_time": "0:00:02.044809",
        "total_time": "0:01:33.162993",
        "cumulative_verified": 115,
        "copied_pending": 102
    },
    "anomalies": [
        {
            "anchor": 1077,
            "neigh": [
                1077,
                2450,
                2113,
                1483,
                389,
                1743,
                704,
                1412
            ],
            "score": 0.004,
            "freq": 0.004,
            "weight": 0.0029542097488921715,
            "original": true,
            "is_true": false
        },
        {
            "anchor": 428,
            "neigh": [
                428,
                2248,
                996,
                1257,
                1135,
                2671,
                1071,
                2249
            ],
            "score": 0.0128,
            "freq": 0.0128,
            "weight": 0.0029542097488921715,
            "original": true,
            "is_true": false
        }
    ]
}