{
    "stats": {
        "stat_results": {
            "accuracy": 0.9848596750369276,
            "recall": 0.7285714285714285,
            "precision": 0.6986301369863014,
            "f1": 0.7132867132867133,
            "auroc": 0.8572863641286689,
            "ap": 0.4386954412439769,
            "tp": 51,
            "tn": 2616,
            "fp": 22,
            "fn": 19,
            "true_pred_nodes": [
                2307,
                1540,
                2056,
                781,
                1818,
                539,
                1053,
                2078,
                287,
                1310,
                1570,
                1573,
                294,
                2600,
                50,
                311,
                1854,
                2624,
                833,
                1090,
                2121,
                843,
                76,
                1362,
                2386,
                1623,
                874,
                1901,
                1135,
                641,
                1674,
                143,
                1426,
                915,
                660,
                2198,
                151,
                674,
                170,
                938,
                181,
                438,
                1732,
                1224,
                2506,
                459,
                980,
                2518,
                738,
                1014,
                1783
            ],
            "optimal_threshold": 0.012900000000000023,
            "roc_curve": {
                "fpr": [
                    0.0,
                    0.0003790750568612585,
                    0.000758150113722517,
                    0.0011372251705837756,
                    0.00265352539802881,
                    0.003411675511751327,
                    0.0037907505686125853,
                    0.004548900682335102,
                    0.006444275966641395,
                    0.00796057619408643,
                    0.00796057619408643,
                    0.008339651250947688,
                    0.008339651250947688,
                    1.0
                ],
                "tpr": [
                    0.0,
                    0.0,
                    0.0,
                    0.014285714285714285,
                    0.014285714285714285,
                    0.014285714285714285,
                    0.014285714285714285,
                    0.02857142857142857,
                    0.02857142857142857,
                    0.02857142857142857,
                    0.05714285714285714,
                    0.22857142857142856,
                    0.7285714285714285,
                    1.0
                ],
                "thresholds": [
                    Infinity,
                    0.998,
                    0.9975,
                    0.9966,
                    0.9918,
                    0.9908,
                    0.9905,
                    0.9896,
                    0.989,
                    0.9888,
                    0.988,
                    0.9878,
                    0.9871,
                    0.0
                ]
            }
        },
        "predicted_anomalies_len": 5,
        "batch_number": 5,
        "batch_time": "0:00:08.509651",
        "total_time": "0:00:41.807399",
        "cumulative_verified": 73,
        "copied_pending": 94
    },
    "anomalies": [
        {
            "anchor": 915,
            "neigh": [
                915,
                833,
                1224,
                2307,
                1035,
                1573,
                1135
            ],
            "score": 0.0129,
            "freq": 0.0129,
            "weight": 0.00258493353028065,
            "original": true,
            "is_true": true
        },
        {
            "anchor": 938,
            "neigh": [
                938,
                2518,
                980,
                151,
                294,
                843,
                287
            ],
            "score": 0.0129,
            "freq": 0.0129,
            "weight": 0.00258493353028065,
            "original": true,
            "is_true": true
        },
        {
            "anchor": 1783,
            "neigh": [
                1783,
                1767,
                1623,
                311,
                874,
                2056,
                1053,
                459
            ],
            "score": 0.012,
            "freq": 0.012,
            "weight": 0.0029542097488921715,
            "original": true,
            "is_true": true
        },
        {
            "anchor": 2440,
            "neigh": [
                2440,
                657,
                1229,
                867,
                2442,
                871,
                2530,
                2439
            ],
            "score": 0.0092,
            "freq": 0.0092,
            "weight": 0.0029542097488921715,
            "original": true,
            "is_true": false
        },
        {
            "anchor": 1940,
            "neigh": [
                1940,
                402,
                507,
                1542,
                1300,
                1413,
                812,
                251
            ],
            "score": 0.0112,
            "freq": 0.0112,
            "weight": 0.0029542097488921715,
            "original": true,
            "is_true": false
        }
    ]
}