{
    "stats": {
        "stat_results": {
            "accuracy": 0.98301329394387,
            "recall": 0.9428571428571428,
            "precision": 0.6111111111111112,
            "f1": 0.7415730337078652,
            "auroc": 0.9562303693274127,
            "ap": 0.48975460154950873,
            "tp": 66,
            "tn": 2596,
            "fp": 42,
            "fn": 4,
            "true_pred_nodes": [
                2307,
                1540,
                2056,
                1035,
                1547,
                781,
                1818,
                539,
                1053,
                2078,
                287,
                1310,
                1533,
                1570,
                1573,
                294,
                2600,
                50,
                311,
                572,
                1854,
                2624,
                833,
                1090,
                2121,
                843,
                76,
                1362,
                2386,
                1623,
                2654,
                869,
                874,
                1901,
                1135,
                1391,
                127,
                641,
                1674,
                143,
                1426,
                915,
                660,
                2198,
                151,
                674,
                170,
                938,
                2475,
                2479,
                181,
                438,
                1206,
                451,
                1732,
                1224,
                2506,
                459,
                1229,
                1235,
                980,
                2518,
                214,
                738,
                1014,
                1783
            ],
            "optimal_threshold": 0.012900000000000023,
            "roc_curve": {
                "fpr": [
                    0.0,
                    0.0003790750568612585,
                    0.00265352539802881,
                    0.004169825625473844,
                    0.004548900682335102,
                    0.007202426080363912,
                    0.0075815011372251705,
                    0.008339651250947688,
                    0.009097801364670205,
                    0.011372251705837756,
                    0.012130401819560273,
                    0.014025777103866566,
                    0.0155420773313116,
                    0.0155420773313116,
                    0.01592115238817286,
                    0.01592115238817286,
                    1.0
                ],
                "tpr": [
                    0.0,
                    0.0,
                    0.0,
                    0.0,
                    0.014285714285714285,
                    0.014285714285714285,
                    0.014285714285714285,
                    0.014285714285714285,
                    0.014285714285714285,
                    0.014285714285714285,
                    0.02857142857142857,
                    0.02857142857142857,
                    0.02857142857142857,
                    0.05714285714285714,
                    0.22857142857142856,
                    0.9428571428571428,
                    1.0
                ],
                "thresholds": [
                    Infinity,
                    0.998,
                    0.9975,
                    0.9967,
                    0.9966,
                    0.9941,
                    0.9931,
                    0.9928,
                    0.9918,
                    0.9905,
                    0.9896,
                    0.989,
                    0.9888,
                    0.988,
                    0.9878,
                    0.9871,
                    0.0
                ]
            }
        },
        "predicted_anomalies_len": 4,
        "batch_number": 11,
        "batch_time": "0:00:06.770047",
        "total_time": "0:01:31.118184",
        "cumulative_verified": 108,
        "copied_pending": 105
    },
    "anomalies": [
        {
            "anchor": 1533,
            "neigh": [
                1533,
                2624,
                1540,
                76,
                1818,
                660,
                1310
            ],
            "score": 0.0129,
            "freq": 0.0129,
            "weight": 0.00258493353028065,
            "original": true,
            "is_true": true
        },
        {
            "anchor": 1235,
            "neigh": [
                1235,
                1732,
                1229,
                1547,
                2475,
                451,
                869
            ],
            "score": 0.0129,
            "freq": 0.0129,
            "weight": 0.00258493353028065,
            "original": true,
            "is_true": true
        },
        {
            "anchor": 1412,
            "neigh": [
                1412,
                704,
                1743,
                1483,
                2450,
                389,
                969,
                2113
            ],
            "score": 0.0059,
            "freq": 0.0059,
            "weight": 0.0029542097488921715,
            "original": true,
            "is_true": false
        },
        {
            "anchor": 2439,
            "neigh": [
                2439,
                1229,
                867,
                2440,
                657,
                2442,
                2530,
                871
            ],
            "score": 0.0025,
            "freq": 0.0025,
            "weight": 0.0029542097488921715,
            "original": true,
            "is_true": false
        }
    ]
}