{
    "stats": {
        "stat_results": {
            "accuracy": 0.9771048744460856,
            "recall": 0.15714285714285714,
            "precision": 0.7857142857142857,
            "f1": 0.2619047619047619,
            "auroc": 0.5779134625798764,
            "ap": 0.13505260302052874,
            "tp": 11,
            "tn": 2635,
            "fp": 3,
            "fn": 59,
            "true_pred_nodes": [
                1570,
                674,
                294,
                2600,
                2121,
                781,
                143,
                181,
                1014,
                1623,
                539
            ],
            "optimal_threshold": 0.012900000000000023,
            "roc_curve": {
                "fpr": [
                    0.0,
                    0.0003790750568612585,
                    0.0011372251705837756,
                    0.0011372251705837756,
                    0.0011372251705837756,
                    1.0
                ],
                "tpr": [
                    0.0,
                    0.0,
                    0.0,
                    0.08571428571428572,
                    0.15714285714285714,
                    1.0
                ],
                "thresholds": [
                    Infinity,
                    0.9941,
                    0.9905,
                    0.9878,
                    0.9871,
                    0.0
                ]
            }
        },
        "predicted_anomalies_len": 10,
        "batch_number": 1,
        "batch_time": "0:00:07.754577",
        "total_time": "0:00:07.754577",
        "cumulative_verified": 14,
        "copied_pending": 46
    },
    "anomalies": [
        {
            "anchor": 2600,
            "neigh": [
                2600,
                1206,
                641,
                170,
                50,
                214,
                2078
            ],
            "score": 0.0129,
            "freq": 0.0129,
            "weight": 0.00258493353028065,
            "original": true,
            "is_true": true
        },
        {
            "anchor": 1570,
            "neigh": [
                1570,
                1533,
                660,
                2624,
                1818,
                1540,
                76
            ],
            "score": 0.0129,
            "freq": 0.0129,
            "weight": 0.00258493353028065,
            "original": true,
            "is_true": true
        },
        {
            "anchor": 1623,
            "neigh": [
                1623,
                738,
                311,
                2056,
                1053,
                2386,
                874
            ],
            "score": 0.0129,
            "freq": 0.0129,
            "weight": 0.00258493353028065,
            "original": true,
            "is_true": true
        },
        {
            "anchor": 1767,
            "neigh": [
                1767,
                1783,
                1623,
                2056,
                1053,
                2386,
                459
            ],
            "score": 0.0059,
            "freq": 0.0059,
            "weight": 0.00258493353028065,
            "original": true,
            "is_true": false
        },
        {
            "anchor": 143,
            "neigh": [
                143,
                1014,
                674,
                781,
                181,
                539,
                2121
            ],
            "score": 0.0129,
            "freq": 0.0129,
            "weight": 0.00258493353028065,
            "original": true,
            "is_true": true
        },
        {
            "anchor": 1014,
            "neigh": [
                1014,
                674,
                781,
                181,
                539,
                2121,
                143
            ],
            "score": 0.0129,
            "freq": 0.0129,
            "weight": 0.00258493353028065,
            "original": true,
            "is_true": true
        },
        {
            "anchor": 368,
            "neigh": [
                368,
                2249,
                428,
                996,
                1545,
                2248,
                1257,
                2518
            ],
            "score": 0.0092,
            "freq": 0.0092,
            "weight": 0.0029542097488921715,
            "original": true,
            "is_true": false
        },
        {
            "anchor": 1127,
            "neigh": [
                1127,
                1986,
                745,
                553,
                1583,
                366,
                1995,
                160
            ],
            "score": 0.0095,
            "freq": 0.0095,
            "weight": 0.0029542097488921715,
            "original": true,
            "is_true": false
        },
        {
            "anchor": 2121,
            "neigh": [
                2121,
                2001,
                674,
                781,
                181,
                539,
                143,
                1014
            ],
            "score": 0.0122,
            "freq": 0.0122,
            "weight": 0.0029542097488921715,
            "original": true,
            "is_true": true
        },
        {
            "anchor": 294,
            "neigh": [
                294,
                306,
                2198,
                1901,
                980,
                151,
                287,
                843
            ],
            "score": 0.0122,
            "freq": 0.0122,
            "weight": 0.0029542097488921715,
            "original": true,
            "is_true": true
        }
    ]
}