{
    "stats": {
        "stat_results": {
            "accuracy": 0.9841211225997046,
            "recall": 0.6285714285714286,
            "precision": 0.7213114754098361,
            "f1": 0.6717557251908397,
            "auroc": 0.8091925701288856,
            "ap": 0.3968122342206639,
            "tp": 44,
            "tn": 2621,
            "fp": 17,
            "fn": 26,
            "true_pred_nodes": [
                1540,
                2056,
                781,
                1818,
                539,
                1053,
                2078,
                287,
                1310,
                1570,
                294,
                2600,
                50,
                311,
                1854,
                2624,
                1090,
                2121,
                843,
                76,
                1362,
                2386,
                1623,
                874,
                1901,
                1135,
                641,
                1674,
                143,
                1426,
                660,
                2198,
                151,
                674,
                170,
                181,
                438,
                1732,
                2506,
                459,
                980,
                2518,
                738,
                1014
            ],
            "optimal_threshold": 0.012900000000000023,
            "roc_curve": {
                "fpr": [
                    0.0,
                    0.0003790750568612585,
                    0.000758150113722517,
                    0.0011372251705837756,
                    0.003411675511751327,
                    0.004169825625473844,
                    0.006065200909780136,
                    0.006065200909780136,
                    0.006444275966641395,
                    0.006444275966641395,
                    1.0
                ],
                "tpr": [
                    0.0,
                    0.0,
                    0.0,
                    0.014285714285714285,
                    0.014285714285714285,
                    0.02857142857142857,
                    0.02857142857142857,
                    0.04285714285714286,
                    0.21428571428571427,
                    0.6285714285714286,
                    1.0
                ],
                "thresholds": [
                    Infinity,
                    0.998,
                    0.9975,
                    0.9966,
                    0.9905,
                    0.9896,
                    0.989,
                    0.988,
                    0.9878,
                    0.9871,
                    0.0
                ]
            }
        },
        "predicted_anomalies_len": 4,
        "batch_number": 4,
        "batch_time": "0:00:07.739782",
        "total_time": "0:00:33.297748",
        "cumulative_verified": 61,
        "copied_pending": 84
    },
    "anomalies": [
        {
            "anchor": 311,
            "neigh": [
                311,
                738,
                1623,
                1053,
                874,
                459,
                2386
            ],
            "score": 0.0129,
            "freq": 0.0129,
            "weight": 0.00258493353028065,
            "original": true,
            "is_true": true
        },
        {
            "anchor": 1426,
            "neigh": [
                1426,
                76,
                2624,
                1090,
                1540,
                660,
                1310
            ],
            "score": 0.0129,
            "freq": 0.0129,
            "weight": 0.00258493353028065,
            "original": true,
            "is_true": true
        },
        {
            "anchor": 219,
            "neigh": [
                219,
                507,
                1413,
                1542,
                1931,
                1936,
                402
            ],
            "score": 0.011,
            "freq": 0.011,
            "weight": 0.00258493353028065,
            "original": true,
            "is_true": false
        },
        {
            "anchor": 2506,
            "neigh": [
                2506,
                738,
                1623,
                874,
                1053,
                459,
                2386
            ],
            "score": 0.0129,
            "freq": 0.0129,
            "weight": 0.00258493353028065,
            "original": true,
            "is_true": true
        }
    ]
}