{
    "stats": {
        "stat_results": {
            "accuracy": 0.9874446085672083,
            "recall": 0.8571428571428571,
            "precision": 0.7142857142857143,
            "f1": 0.7792207792207793,
            "auroc": 0.9203427921585617,
            "ap": 0.5308337296842255,
            "tp": 60,
            "tn": 2614,
            "fp": 24,
            "fn": 10,
            "true_pred_nodes": [
                2307,
                1540,
                2056,
                1035,
                1547,
                781,
                1818,
                539,
                1053,
                2078,
                287,
                1310,
                1570,
                1573,
                294,
                2600,
                50,
                311,
                572,
                1854,
                2624,
                833,
                1090,
                2121,
                843,
                76,
                1362,
                2386,
                1623,
                2654,
                869,
                874,
                1901,
                1135,
                1391,
                641,
                1674,
                143,
                1426,
                915,
                660,
                2198,
                151,
                674,
                170,
                938,
                181,
                438,
                451,
                1732,
                1224,
                2506,
                459,
                1229,
                980,
                2518,
                214,
                738,
                1014,
                1783
            ],
            "optimal_threshold": 0.012900000000000023,
            "roc_curve": {
                "fpr": [
                    0.0,
                    0.0003790750568612585,
                    0.000758150113722517,
                    0.0011372251705837756,
                    0.0018953752843062926,
                    0.00265352539802881,
                    0.003411675511751327,
                    0.004169825625473844,
                    0.004548900682335102,
                    0.00530705079605762,
                    0.007202426080363912,
                    0.008718726307808946,
                    0.008718726307808946,
                    0.009097801364670205,
                    0.009097801364670205,
                    1.0
                ],
                "tpr": [
                    0.0,
                    0.0,
                    0.0,
                    0.014285714285714285,
                    0.014285714285714285,
                    0.014285714285714285,
                    0.014285714285714285,
                    0.014285714285714285,
                    0.014285714285714285,
                    0.02857142857142857,
                    0.02857142857142857,
                    0.02857142857142857,
                    0.05714285714285714,
                    0.22857142857142856,
                    0.8571428571428571,
                    1.0
                ],
                "thresholds": [
                    Infinity,
                    0.998,
                    0.9975,
                    0.9966,
                    0.9931,
                    0.9928,
                    0.9918,
                    0.9908,
                    0.9905,
                    0.9896,
                    0.989,
                    0.9888,
                    0.988,
                    0.9878,
                    0.9871,
                    0.0
                ]
            }
        },
        "predicted_anomalies_len": 1,
        "batch_number": 7,
        "batch_time": "0:00:09.534392",
        "total_time": "0:00:58.672988",
        "cumulative_verified": 84,
        "copied_pending": 104
    },
    "anomalies": [
        {
            "anchor": 1689,
            "neigh": [
                1689,
                155,
                156,
                1358,
                90,
                1763,
                817,
                1736
            ],
            "score": 0.0078,
            "freq": 0.0078,
            "weight": 0.0029542097488921715,
            "original": true,
            "is_true": false
        }
    ]
}