{
    "stats": {
        "stat_results": {
            "accuracy": 0.9782127031019202,
            "recall": 0.2857142857142857,
            "precision": 0.6896551724137931,
            "f1": 0.40404040404040403,
            "auroc": 0.6406991227120111,
            "ap": 0.18330518552694158,
            "tp": 20,
            "tn": 2629,
            "fp": 9,
            "fn": 50,
            "true_pred_nodes": [
                1540,
                1732,
                2056,
                2121,
                1674,
                459,
                781,
                143,
                2518,
                1623,
                151,
                539,
                1053,
                1570,
                674,
                294,
                2600,
                181,
                1014,
                1854
            ],
            "optimal_threshold": 0.012900000000000023,
            "roc_curve": {
                "fpr": [
                    0.0,
                    0.0003790750568612585,
                    0.000758150113722517,
                    0.0011372251705837756,
                    0.003411675511751327,
                    0.003411675511751327,
                    0.003411675511751327,
                    0.003411675511751327,
                    1.0
                ],
                "tpr": [
                    0.0,
                    0.0,
                    0.0,
                    0.014285714285714285,
                    0.014285714285714285,
                    0.02857142857142857,
                    0.14285714285714285,
                    0.2857142857142857,
                    1.0
                ],
                "thresholds": [
                    Infinity,
                    0.998,
                    0.9975,
                    0.9966,
                    0.9896,
                    0.988,
                    0.9878,
                    0.9871,
                    0.0
                ]
            }
        },
        "predicted_anomalies_len": 12,
        "batch_number": 2,
        "batch_time": "0:00:10.205936",
        "total_time": "0:00:17.960513",
        "cumulative_verified": 29,
        "copied_pending": 96
    },
    "anomalies": [
        {
            "anchor": 459,
            "neigh": [
                459,
                738,
                1623,
                311,
                2056,
                874,
                1053
            ],
            "score": 0.0129,
            "freq": 0.0129,
            "weight": 0.00258493353028065,
            "original": true,
            "is_true": true
        },
        {
            "anchor": 1674,
            "neigh": [
                1674,
                2307,
                833,
                1035,
                915,
                1135,
                1573
            ],
            "score": 0.0129,
            "freq": 0.0129,
            "weight": 0.00258493353028065,
            "original": true,
            "is_true": true
        },
        {
            "anchor": 765,
            "neigh": [
                765,
                2367,
                1147,
                1090,
                1598,
                640,
                395
            ],
            "score": 0.0104,
            "freq": 0.0104,
            "weight": 0.00258493353028065,
            "original": true,
            "is_true": false
        },
        {
            "anchor": 1525,
            "neigh": [
                1525,
                1224,
                1370,
                778,
                779,
                1919,
                1914
            ],
            "score": 0.0025,
            "freq": 0.0025,
            "weight": 0.00258493353028065,
            "original": true,
            "is_true": false
        },
        {
            "anchor": 1540,
            "neigh": [
                1540,
                1090,
                2624,
                1818,
                76,
                660,
                1310
            ],
            "score": 0.0129,
            "freq": 0.0129,
            "weight": 0.00258493353028065,
            "original": true,
            "is_true": true
        },
        {
            "anchor": 1732,
            "neigh": [
                1732,
                1358,
                1229,
                124,
                1133,
                1547,
                572,
                869
            ],
            "score": 0.012,
            "freq": 0.012,
            "weight": 0.0029542097488921715,
            "original": true,
            "is_true": true
        },
        {
            "anchor": 1719,
            "neigh": [
                1719,
                1358,
                1765,
                1169,
                1040,
                1720,
                823,
                1317
            ],
            "score": 0.0072,
            "freq": 0.0072,
            "weight": 0.0029542097488921715,
            "original": true,
            "is_true": false
        },
        {
            "anchor": 151,
            "neigh": [
                151,
                1986,
                2518,
                1901,
                1362,
                287,
                294,
                843
            ],
            "score": 0.0122,
            "freq": 0.0122,
            "weight": 0.0029542097488921715,
            "original": true,
            "is_true": true
        },
        {
            "anchor": 2249,
            "neigh": [
                2249,
                2518,
                1257,
                2248,
                2671,
                1135,
                1071,
                996
            ],
            "score": 0.0034,
            "freq": 0.0034,
            "weight": 0.0029542097488921715,
            "original": true,
            "is_true": false
        },
        {
            "anchor": 1854,
            "neigh": [
                1854,
                1701,
                170,
                2078,
                2600,
                50,
                2654,
                641
            ],
            "score": 0.0122,
            "freq": 0.0122,
            "weight": 0.0029542097488921715,
            "original": true,
            "is_true": true
        },
        {
            "anchor": 253,
            "neigh": [
                253,
                1413,
                507,
                251,
                1933,
                812,
                1300,
                1542
            ],
            "score": 0.0082,
            "freq": 0.0082,
            "weight": 0.0029542097488921715,
            "original": true,
            "is_true": false
        },
        {
            "anchor": 562,
            "neigh": [
                562,
                1483,
                704,
                1735,
                2450,
                1412,
                969,
                1743
            ],
            "score": 0.002,
            "freq": 0.002,
            "weight": 0.0029542097488921715,
            "original": true,
            "is_true": false
        }
    ]
}