{
    "stats": {
        "stat_results": {
            "accuracy": 0.98301329394387,
            "recall": 0.5285714285714286,
            "precision": 0.74,
            "f1": 0.6166666666666667,
            "auroc": 0.7606303476659807,
            "ap": 0.34522065210585995,
            "tp": 37,
            "tn": 2625,
            "fp": 13,
            "fn": 33,
            "true_pred_nodes": [
                1540,
                2056,
                781,
                1818,
                539,
                1053,
                2078,
                287,
                1570,
                294,
                2600,
                50,
                1854,
                2624,
                1090,
                2121,
                843,
                76,
                1362,
                1623,
                1901,
                1135,
                641,
                1674,
                143,
                660,
                2198,
                151,
                674,
                170,
                181,
                438,
                1732,
                459,
                980,
                2518,
                1014
            ],
            "optimal_threshold": 0.012900000000000023,
            "roc_curve": {
                "fpr": [
                    0.0,
                    0.0003790750568612585,
                    0.000758150113722517,
                    0.0011372251705837756,
                    0.003411675511751327,
                    0.004169825625473844,
                    0.004548900682335102,
                    0.004548900682335102,
                    0.004927975739196361,
                    0.004927975739196361,
                    1.0
                ],
                "tpr": [
                    0.0,
                    0.0,
                    0.0,
                    0.014285714285714285,
                    0.014285714285714285,
                    0.02857142857142857,
                    0.02857142857142857,
                    0.04285714285714286,
                    0.21428571428571427,
                    0.5285714285714286,
                    1.0
                ],
                "thresholds": [
                    Infinity,
                    0.998,
                    0.9975,
                    0.9966,
                    0.9905,
                    0.9896,
                    0.989,
                    0.988,
                    0.9878,
                    0.9871,
                    0.0
                ]
            }
        },
        "predicted_anomalies_len": 8,
        "batch_number": 3,
        "batch_time": "0:00:07.597453",
        "total_time": "0:00:25.557966",
        "cumulative_verified": 50,
        "copied_pending": 88
    },
    "anomalies": [
        {
            "anchor": 76,
            "neigh": [
                76,
                2624,
                1540,
                660,
                1818,
                1090,
                1310
            ],
            "score": 0.0129,
            "freq": 0.0129,
            "weight": 0.00258493353028065,
            "original": true,
            "is_true": true
        },
        {
            "anchor": 287,
            "neigh": [
                287,
                294,
                843,
                1362,
                980,
                2198,
                151
            ],
            "score": 0.0129,
            "freq": 0.0129,
            "weight": 0.00258493353028065,
            "original": true,
            "is_true": true
        },
        {
            "anchor": 875,
            "neigh": [
                875,
                310,
                1945,
                1950,
                1944,
                1946,
                1947
            ],
            "score": 0.011,
            "freq": 0.011,
            "weight": 0.00258493353028065,
            "original": true,
            "is_true": false
        },
        {
            "anchor": 395,
            "neigh": [
                395,
                640,
                1147,
                2367,
                1090,
                1598,
                765
            ],
            "score": 0.0104,
            "freq": 0.0104,
            "weight": 0.00258493353028065,
            "original": true,
            "is_true": false
        },
        {
            "anchor": 1931,
            "neigh": [
                1931,
                1542,
                1413,
                507,
                251,
                812,
                1300
            ],
            "score": 0.0069,
            "freq": 0.0069,
            "weight": 0.00258493353028065,
            "original": true,
            "is_true": false
        },
        {
            "anchor": 438,
            "neigh": [
                438,
                833,
                1224,
                1573,
                2307,
                915,
                1135
            ],
            "score": 0.0129,
            "freq": 0.0129,
            "weight": 0.00258493353028065,
            "original": true,
            "is_true": true
        },
        {
            "anchor": 843,
            "neigh": [
                843,
                294,
                1362,
                980,
                2198,
                151,
                1901
            ],
            "score": 0.0129,
            "freq": 0.0129,
            "weight": 0.00258493353028065,
            "original": true,
            "is_true": true
        },
        {
            "anchor": 170,
            "neigh": [
                170,
                1358,
                50,
                641,
                1854,
                214,
                2078,
                2654
            ],
            "score": 0.0122,
            "freq": 0.0122,
            "weight": 0.0029542097488921715,
            "original": true,
            "is_true": true
        }
    ]
}