{
    "dataset": "inj_cora",
    "outliers": {
        "all": 138,
        "contextual": 70,
        "structural": 70
    },
    "model": "adone",
    "epoch": 400,
    "auc": {
        "mean": 0.801053591232918,
        "std": 0.029973308180673553,
        "max": 0.8463909096035641
    },
    "ap": {
        "mean": 0.18868859496172635,
        "std": 0.040389050043764856,
        "max": 0.2892664560595748
    },
    "rec": {
        "mean": 0.44041866064071655,
        "std": 0.11988591402769089,
        "max": 0.5797101259231567
    },
    "pr": {
        "mean": 0.2242722511291504,
        "std": 0.06104891747236252,
        "max": 0.29520294070243835
    },
    "f1": {
        "mean": 0.29720184206962585,
        "std": 0.08090100437402725,
        "max": 0.3911980390548706
    },
    "time": {
        "mean": 8.82209300994873,
        "std": 0.6536620855331421,
        "max": 10.346001625061035
    },
    "contextual": {
        "auc": {
            "mean": 0.6751010866818298,
            "std": 0.06063703080427587,
            "max": 0.7789180114805588
        },
        "ap": {
            "mean": 0.06764145937784947,
            "std": 0.016326155866316805,
            "max": 0.10736923570321802
        },
        "rec": {
            "mean": 0.2460317611694336,
            "std": 0.08119095116853714,
            "max": 0.41428571939468384
        },
        "pr": {
            "mean": 0.06355062872171402,
            "std": 0.020971830934286118,
            "max": 0.10701107233762741
        },
        "f1": {
            "mean": 0.10101010650396347,
            "std": 0.03333352878689766,
            "max": 0.17008797824382782
        }
    },
    "structural": {
        "auc": {
            "mean": 0.9162301286448368,
            "std": 0.04468499851351078,
            "max": 0.9680060652009098
        },
        "ap": {
            "mean": 0.16212827971524105,
            "std": 0.06639311341554435,
            "max": 0.30924547825404075
        },
        "rec": {
            "mean": 0.64682537317276,
            "std": 0.26477041840553284,
            "max": 0.9571428298950195
        },
        "pr": {
            "mean": 0.16707666218280792,
            "std": 0.06839088350534439,
            "max": 0.24723246693611145
        },
        "f1": {
            "mean": 0.2655588388442993,
            "std": 0.10870339721441269,
            "max": 0.39296188950538635
        }
    }
}