{
    "stats": {
        "stat_results": {
            "accuracy": 0.9859675036927622,
            "recall": 0.9,
            "precision": 0.6702127659574468,
            "f1": 0.7682926829268293,
            "auroc": 0.9389093469078306,
            "ap": 0.5254723340784927,
            "tp": 63,
            "tn": 2607,
            "fp": 31,
            "fn": 7,
            "true_pred_nodes": [
                2307,
                1540,
                2056,
                1547,
                1035,
                781,
                1818,
                539,
                1053,
                1310,
                287,
                2078,
                1570,
                1573,
                294,
                2600,
                50,
                311,
                572,
                1854,
                2624,
                833,
                1090,
                2121,
                843,
                76,
                2386,
                1362,
                1623,
                2654,
                869,
                874,
                1901,
                1391,
                1135,
                124,
                127,
                641,
                143,
                1426,
                915,
                660,
                2198,
                151,
                674,
                938,
                170,
                2475,
                2479,
                181,
                438,
                451,
                1732,
                1224,
                2506,
                459,
                1229,
                980,
                2518,
                214,
                1014,
                1783,
                1533
            ],
            "optimal_threshold": 0.012900000000000023,
            "roc_curve": {
                "fpr": [
                    0.0,
                    0.0003790750568612585,
                    0.000758150113722517,
                    0.003032600454890068,
                    0.0037907505686125853,
                    0.00530705079605762,
                    0.006065200909780136,
                    0.00796057619408643,
                    0.008339651250947688,
                    0.009097801364670205,
                    0.01023502653525398,
                    0.010993176648976498,
                    0.011372251705837756,
                    0.011372251705837756,
                    0.011372251705837756,
                    0.011751326762699014,
                    0.011751326762699014,
                    1.0
                ],
                "tpr": [
                    0.0,
                    0.0,
                    0.0,
                    0.0,
                    0.0,
                    0.0,
                    0.0,
                    0.0,
                    0.0,
                    0.0,
                    0.0,
                    0.0,
                    0.0,
                    0.02857142857142857,
                    0.18571428571428572,
                    0.2,
                    0.9,
                    1.0
                ],
                "thresholds": [
                    Infinity,
                    0.9975,
                    0.9966,
                    0.9941,
                    0.9929,
                    0.9928,
                    0.9922,
                    0.9918,
                    0.9908,
                    0.9905,
                    0.9896,
                    0.989,
                    0.9886,
                    0.988,
                    0.9878,
                    0.9872,
                    0.9871,
                    0.0
                ]
            }
        },
        "predicted_anomalies_len": 10,
        "batch_number": 8,
        "batch_time": "0:00:09.227666",
        "total_time": "0:01:09.248577",
        "cumulative_verified": 94,
        "copied_pending": 116
    },
    "anomalies": [
        {
            "anchor": 127,
            "neigh": [
                127,
                641,
                2600,
                170,
                2078,
                50,
                214
            ],
            "score": 0.0129,
            "freq": 0.0129,
            "weight": 0.00258493353028065,
            "original": true,
            "is_true": true
        },
        {
            "anchor": 572,
            "neigh": [
                572,
                124,
                1229,
                1547,
                1732,
                869,
                2475
            ],
            "score": 0.0129,
            "freq": 0.0129,
            "weight": 0.00258493353028065,
            "original": true,
            "is_true": true
        },
        {
            "anchor": 1854,
            "neigh": [
                1854,
                641,
                2600,
                170,
                2078,
                50,
                214
            ],
            "score": 0.0129,
            "freq": 0.0129,
            "weight": 0.00258493353028065,
            "original": true,
            "is_true": true
        },
        {
            "anchor": 1783,
            "neigh": [
                1783,
                1767,
                1623,
                311,
                459,
                2056,
                1053,
                2386
            ],
            "score": 0.012,
            "freq": 0.012,
            "weight": 0.0029542097488921715,
            "original": true,
            "is_true": true
        },
        {
            "anchor": 1719,
            "neigh": [
                1719,
                1358,
                1169,
                1765,
                1040,
                1720,
                823,
                1317
            ],
            "score": 0.0072,
            "freq": 0.0072,
            "weight": 0.0029542097488921715,
            "original": true,
            "is_true": false
        },
        {
            "anchor": 2121,
            "neigh": [
                2121,
                33,
                539,
                181,
                2126,
                781,
                143,
                2089
            ],
            "score": 0.0122,
            "freq": 0.0122,
            "weight": 0.0029542097488921715,
            "original": true,
            "is_true": true
        },
        {
            "anchor": 253,
            "neigh": [
                253,
                1413,
                507,
                251,
                812,
                1933,
                1300,
                1542
            ],
            "score": 0.0082,
            "freq": 0.0082,
            "weight": 0.0029542097488921715,
            "original": true,
            "is_true": false
        },
        {
            "anchor": 874,
            "neigh": [
                874,
                1701,
                1623,
                311,
                459,
                2056,
                1053,
                2386
            ],
            "score": 0.0122,
            "freq": 0.0122,
            "weight": 0.0029542097488921715,
            "original": true,
            "is_true": true
        },
        {
            "anchor": 1975,
            "neigh": [
                1975,
                1224,
                1370,
                778,
                779,
                1919,
                1973,
                1525
            ],
            "score": 0.0065,
            "freq": 0.0065,
            "weight": 0.0029542097488921715,
            "original": true,
            "is_true": false
        },
        {
            "anchor": 1412,
            "neigh": [
                1412,
                1483,
                1743,
                704,
                2450,
                2113,
                389,
                969
            ],
            "score": 0.0059,
            "freq": 0.0059,
            "weight": 0.0029542097488921715,