{
    "stats": {
        "stat_results": {
            "accuracy": 0.9819054652880355,
            "recall": 0.9428571428571428,
            "precision": 0.5945945945945946,
            "f1": 0.7292817679558011,
            "auroc": 0.9549306834181739,
            "ap": 0.48364761210410084,
            "tp": 66,
            "tn": 2593,
            "fp": 45,
            "fn": 4,
            "true_pred_nodes": [
                2307,
                1540,
                2056,
                1547,
                1035,
                781,
                1818,
                539,
                1053,
                1310,
                287,
                2078,
                1570,
                1573,
                294,
                2600,
                50,
                311,
                572,
                1854,
                2624,
                833,
                1090,
                2121,
                843,
                76,
                2386,
                1362,
                1623,
                2654,
                869,
                874,
                1901,
                1391,
                1135,
                1133,
                124,
                127,
                641,
                1674,
                143,
                1426,
                915,
                660,
                2198,
                151,
                674,
                938,
                170,
                2475,
                2479,
                181,
                438,
                1206,
                451,
                1732,
                1224,
                2506,
                459,
                1229,
                980,
                2518,
                214,
                1014,
                1783,
                1533
            ],
            "optimal_threshold": 0.012900000000000023,
            "roc_curve": {
                "fpr": [
                    0.0,
                    0.000758150113722517,
                    0.0018953752843062926,
                    0.003032600454890068,
                    0.004927975739196361,
                    0.007202426080363912,
                    0.00796057619408643,
                    0.009476876421531463,
                    0.01023502653525398,
                    0.012130401819560273,
                    0.01288855193328279,
                    0.013646702047005308,
                    0.014783927217589083,
                    0.016300227445034118,
                    0.016679302501895376,
                    0.016679302501895376,
                    0.016679302501895376,
                    0.017058377558756634,
                    0.017058377558756634,
                    1.0
                ],
                "tpr": [
                    0.0,
                    0.0,
                    0.0,
                    0.0,
                    0.0,
                    0.0,
                    0.0,
                    0.0,
                    0.0,
                    0.0,
                    0.0,
                    0.0,
                    0.0,
                    0.0,
                    0.0,
                    0.02857142857142857,
                    0.18571428571428572,
                    0.2,
                    0.9428571428571428,
                    1.0
                ],
                "thresholds": [
                    Infinity,
                    0.998,
                    0.9966,
                    0.996,
                    0.9953,
                    0.9941,
                    0.9929,
                    0.9928,
                    0.9922,
                    0.9918,
                    0.9908,
                    0.9905,
                    0.9896,
                    0.9888,
                    0.9886,
                    0.988,
                    0.9878,
                    0.9872,
                    0.9871,
                    0.0
                ]
            }
        },
        "predicted_anomalies_len": 5,
        "batch_number": 10,
        "batch_time": "0:00:07.026333",
        "total_time": "0:01:24.621584",
        "cumulative_verified": 111,
        "copied_pending": 124
    },
    "anomalies": [
        {
            "anchor": 1206,
            "neigh": [
                1206,
                2654,
                641,
                214,
                2600,
                2078,
                170
            ],
            "score": 0.0129,
            "freq": 0.0129,
            "weight": 0.00258493353028065,
            "original": true,
            "is_true": true
        },
        {
            "anchor": 1133,
            "neigh": [
                1133,
                869,
                572,
                451,
                1732,
                1547,
                1229
            ],
            "score": 0.0129,
            "freq": 0.0129,
            "weight": 0.00258493353028065,
            "original": true,
            "is_true": true
        },
        {
            "anchor": 138,
            "neigh": [
                138,
                1776,
                306,
                236,
                2078,
                2045,
                1572,
                109
            ],
            "score": 0.0091,
            "freq": 0.0091,
            "weight": 0.0029542097488921715,
            "original": true,
            "is_true": false
        },
        {
            "anchor": 640,
            "neigh": [
                640,
                1090,
                1598,
                1093,
                2367,
                1147,
                395,
                765
            ],
            "score": 0.0033,
            "freq": 0.0033,
            "weight": 0.0029542097488921715,
            "original": true,
            "is_true": false
        },
        {
            "anchor": 1077,
            "neigh": [
                1077,
                2450,
                2113,
                1483,
                389,
                1743,
                704,
                1412
            ],
            "score": 0.004,
            "freq": 0.004,
            "weight": 0.0029542097488921715,
            "original": true,
            "is_true": false
        }
    ]
}