{
    "stats": {
        "stat_results": {
            "accuracy": 0.98301329394387,
            "recall": 0.9142857142857143,
            "precision": 0.6153846153846154,
            "f1": 0.735632183908046,
            "auroc": 0.9427028051554207,
            "ap": 0.48615924308452313,
            "tp": 64,
            "tn": 2598,
            "fp": 40,
            "fn": 6,
            "true_pred_nodes": [
                2307,
                1540,
                2056,
                1547,
                1035,
                781,
                1818,
                539,
                1053,
                1310,
                287,
                2078,
                1570,
                1573,
                294,
                2600,
                50,
                311,
                572,
                1854,
                2624,
                833,
                1090,
                2121,
                843,
                76,
                2386,
                1362,
                1623,
                2654,
                869,
                874,
                1901,
                1391,
                1135,
                124,
                127,
                641,
                1674,
                143,
                1426,
                915,
                660,
                2198,
                151,
                674,
                938,
                170,
                2475,
                2479,
                181,
                438,
                451,
                1732,
                1224,
                2506,
                459,
                1229,
                980,
                2518,
                214,
                1014,
                1783,
                1533
            ],
            "optimal_threshold": 0.012900000000000023,
            "roc_curve": {
                "fpr": [
                    0.0,
                    0.000758150113722517,
                    0.001516300227445034,
                    0.003411675511751327,
                    0.005686125852918878,
                    0.006444275966641395,
                    0.00796057619408643,
                    0.008718726307808946,
                    0.01061410159211524,
                    0.010993176648976498,
                    0.011751326762699014,
                    0.01288855193328279,
                    0.014404852160727824,
                    0.014783927217589083,
                    0.014783927217589083,
                    0.014783927217589083,
                    0.015163002274450341,
                    0.015163002274450341,
                    1.0
                ],
                "tpr": [
                    0.0,
                    0.0,
                    0.0,
                    0.0,
                    0.0,
                    0.0,
                    0.0,
                    0.0,
                    0.0,
                    0.0,
                    0.0,
                    0.0,
                    0.0,
                    0.0,
                    0.02857142857142857,
                    0.18571428571428572,
                    0.2,
                    0.9142857142857143,
                    1.0
                ],
                "thresholds": [
                    Infinity,
                    0.998,
                    0.9966,
                    0.9953,
                    0.9941,
                    0.9929,
                    0.9928,
                    0.9922,
                    0.9918,
                    0.9908,
                    0.9905,
                    0.9896,
                    0.9888,
                    0.9886,
                    0.988,
                    0.9878,
                    0.9872,
                    0.9871,
                    0.0
                ]
            }
        },
        "predicted_anomalies_len": 4,
        "batch_number": 9,
        "batch_time": "0:00:08.346674",
        "total_time": "0:01:17.595251",
        "cumulative_verified": 104,
        "copied_pending": 116
    },
    "anomalies": [
        {
            "anchor": 1674,
            "neigh": [
                1674,
                2307,
                915,
                1135,
                833,
                1035,
                1573
            ],
            "score": 0.0129,
            "freq": 0.0129,
            "weight": 0.00258493353028065,
            "original": true,
            "is_true": true
        },
        {
            "anchor": 1940,
            "neigh": [
                1940,
                402,
                1542,
                507,
                1300,
                1413,
                812,
                251
            ],
            "score": 0.0112,
            "freq": 0.0112,
            "weight": 0.0029542097488921715,
            "original": true,
            "is_true": false
        },
        {
            "anchor": 368,
            "neigh": [
                368,
                996,
                428,
                2248,
                1257,
                2249,
                2518,
                2671
            ],
            "score": 0.0047,
            "freq": 0.0047,
            "weight": 0.0029542097488921715,
            "original": true,
            "is_true": false
        },
        {
            "anchor": 562,
            "neigh": [
                562,
                704,
                1483,
                1735,
                2450,
                1412,
                969,
                1743
            ],
            "score": 0.002,
            "freq": 0.002,
            "weight": 0.0029542097488921715,
            "original": true,
            "is_true": false
        }
    ]
}