{
    "stats": {
        "stat_results": {
            "accuracy": 0.9748892171344166,
            "recall": 0.05714285714285714,
            "precision": 0.6666666666666666,
            "f1": 0.10526315789473684,
            "auroc": 0.5281706920827467,
            "ap": 0.06246746852359851,
            "tp": 4,
            "tn": 2636,
            "fp": 2,
            "fn": 66,
            "true_pred_nodes": [
                2386,
                2307,
                539,
                781
            ],
            "optimal_threshold": 0.012900000000000023,
            "roc_curve": {
                "fpr": [
                    0.0,
                    0.0003790750568612585,
                    0.000758150113722517,
                    0.000758150113722517,
                    1.0
                ],
                "tpr": [
                    0.0,
                    0.0,
                    0.0,
                    0.05714285714285714,
                    1.0
                ],
                "thresholds": [
                    Infinity,
                    0.9928,
                    0.9905,
                    0.9871,
                    0.0
                ]
            }
        },
        "predicted_anomalies_len": 6,
        "batch_number": 1,
        "batch_time": "0:00:08.903639",
        "total_time": "0:00:08.903639",
        "cumulative_verified": 6,
        "copied_pending": 33
    },
    "anomalies": [
        {
            "anchor": 539,
            "neigh": [
                539,
                674,
                781,
                2121,
                143,
                181,
                1014
            ],
            "score": 0.0129,
            "freq": 0.0129,
            "weight": 0.00258493353028065,
            "original": true,
            "is_true": true
        },
        {
            "anchor": 2386,
            "neigh": [
                2386,
                738,
                1623,
                2506,
                1053,
                311,
                874
            ],
            "score": 0.0129,
            "freq": 0.0129,
            "weight": 0.00258493353028065,
            "original": true,
            "is_true": true
        },
        {
            "anchor": 2307,
            "neigh": [
                2307,
                1224,
                1135,
                915,
                1035,
                1573,
                833
            ],
            "score": 0.0129,
            "freq": 0.0129,
            "weight": 0.00258493353028065,
            "original": true,
            "is_true": true
        },
        {
            "anchor": 781,
            "neigh": [
                781,
                674,
                2121,
                143,
                181,
                1014,
                539
            ],
            "score": 0.0129,
            "freq": 0.0129,
            "weight": 0.00258493353028065,
            "original": true,
            "is_true": true
        },
        {
            "anchor": 1720,
            "neigh": [
                1720,
                1169,
                1358,
                1765,
                1040,
                1719,
                823,
                1317
            ],
            "score": 0.0072,
            "freq": 0.0072,
            "weight": 0.0029542097488921715,
            "original": true,
            "is_true": false
        },
        {
            "anchor": 366,
            "neigh": [
                366,
                1986,
                745,
                553,
                1583,
                1127,
                1995,
                160
            ],
            "score": 0.0095,
            "freq": 0.0095,
            "weight": 0.0029542097488921715,
            "original": true,
            "is_true": false
        }
    ]
}