{
    "stats": {
        "stat_results": {
            "accuracy": 0.9874446085672083,
            "recall": 0.7714285714285715,
            "precision": 0.75,
            "f1": 0.7605633802816901,
            "auroc": 0.8797221921369003,
            "ap": 0.5227931220967726,
            "tp": 54,
            "tn": 2620,
            "fp": 18,
            "fn": 16,
            "true_pred_nodes": [
                641,
                2307,
                1540,
                1547,
                781,
                1035,
                143,
                1426,
                915,
                660,
                2198,
                151,
                1818,
                539,
                1053,
                1310,
                287,
                2078,
                1570,
                674,
                1573,
                294,
                2600,
                938,
                170,
                2479,
                50,
                181,
                438,
                311,
                2624,
                833,
                1090,
                451,
                1732,
                1224,
                2506,
                843,
                76,
                1229,
                459,
                2386,
                1362,
                980,
                2518,
                1623,
                214,
                2654,
                869,
                1901,
                1391,
                1135,
                1014,
                1533
            ],
            "optimal_threshold": 0.012900000000000023,
            "roc_curve": {
                "fpr": [
                    0.0,
                    0.0003790750568612585,
                    0.000758150113722517,
                    0.001516300227445034,
                    0.002274450341167551,
                    0.003032600454890068,
                    0.003411675511751327,
                    0.004169825625473844,
                    0.00530705079605762,
                    0.006065200909780136,
                    0.006444275966641395,
                    0.006444275966641395,
                    0.006444275966641395,
                    0.006823351023502654,
                    0.006823351023502654,
                    1.0
                ],
                "tpr": [
                    0.0,
                    0.0,
                    0.0,
                    0.0,
                    0.0,
                    0.0,
                    0.0,
                    0.0,
                    0.0,
                    0.0,
                    0.0,
                    0.014285714285714285,
                    0.12857142857142856,
                    0.14285714285714285,
                    0.7714285714285715,
                    1.0
                ],
                "thresholds": [
                    Infinity,
                    0.9975,
                    0.9966,
                    0.9941,
                    0.9928,
                    0.9922,
                    0.9908,
                    0.9905,
                    0.9896,
                    0.989,
                    0.9886,
                    0.988,
                    0.9878,
                    0.9872,
                    0.9871,
                    0.0
                ]
            }
        },
        "predicted_anomalies_len": 7,
        "batch_number": 7,
        "batch_time": "0:00:10.188801",
        "total_time": "0:01:00.020911",
        "cumulative_verified": 72,
        "copied_pending": 114
    },
    "anomalies": [
        {
            "anchor": 2654,
            "neigh": [
                2654,
                2078,
                641,
                214,
                2600,
                1206,
                50
            ],
            "score": 0.0129,
            "freq": 0.0129,
            "weight": 0.00258493353028065,
            "original": true,
            "is_true": true
        },
        {
            "anchor": 451,
            "neigh": [
                451,
                1229,
                1732,
                1547,
                2475,
                572,
                869
            ],
            "score": 0.0129,
            "freq": 0.0129,
            "weight": 0.00258493353028065,
            "original": true,
            "is_true": true
        },
        {
            "anchor": 2518,
            "neigh": [
                2518,
                294,
                151,
                843,
                1362,
                980,
                287
            ],
            "score": 0.0129,
            "freq": 0.0129,
            "weight": 0.00258493353028065,
            "original": true,
            "is_true": true
        },
        {
            "anchor": 938,
            "neigh": [
                938,
                294,
                151,
                843,
                1362,
                980,
                2198
            ],
            "score": 0.0129,
            "freq": 0.0129,
            "weight": 0.00258493353028065,
            "original": true,
            "is_true": true
        },
        {
            "anchor": 438,
            "neigh": [
                438,
                1984,
                1224,
                1135,
                2307,
                915,
                1573,
                833
            ],
            "score": 0.0122,
            "freq": 0.0122,
            "weight": 0.0029542097488921715,
            "original": true,
            "is_true": true
        },
        {
            "anchor": 1735,
            "neigh": [
                1735,
                1358,
                1483,
                1412,
                562,
                969,
                1743,
                704
            ],
            "score": 0.0103,
            "freq": 0.0103,
            "weight": 0.0029542097488921715,
            "original": true,
            "is_true": false
        },
        {
            "anchor": 170,
            "neigh": [
                170,
                1358,
                2078,
                214,
                2600,
                1206,
                50,
                127
            ],
            "score": 0.0122,
            "freq": 0.0122,
            "weight": 0.0029542097488921715,
            "original": true,
            "is_true": true
        }
    ]
}