{
    "stats": {
        "stat_results": {
            "accuracy": 0.9785819793205317,
            "recall": 0.9428571428571428,
            "precision": 0.55,
            "f1": 0.6947368421052632,
            "auroc": 0.9516164843496154,
            "ap": 0.44498105190780496,
            "tp": 66,
            "tn": 2584,
            "fp": 54,
            "fn": 4,
            "true_pred_nodes": [
                2307,
                1540,
                2056,
                1547,
                1035,
                781,
                1818,
                539,
                1053,
                1310,
                287,
                2078,
                1570,
                1573,
                294,
                2600,
                50,
                311,
                572,
                1854,
                2624,
                833,
                1090,
                2121,
                843,
                76,
                2386,
                1362,
                1623,
                2654,
                869,
                874,
                1901,
                1391,
                1135,
                1133,
                124,
                127,
                641,
                1674,
                143,
                1426,
                915,
                660,
                2198,
                151,
                674,
                938,
                170,
                2475,
                2479,
                181,
                438,
                1206,
                451,
                1732,
                1224,
                2506,
                459,
                1229,
                980,
                2518,
                214,
                1014,
                1783,
                1533
            ],
            "optimal_threshold": 0.012900000000000023,
            "roc_curve": {
                "fpr": [
                    0.0,
                    0.000758150113722517,
                    0.0018953752843062926,
                    0.003032600454890068,
                    0.004927975739196361,
                    0.007202426080363912,
                    0.00796057619408643,
                    0.009476876421531463,
                    0.01023502653525398,
                    0.012130401819560273,
                    0.012509476876421531,
                    0.014783927217589083,
                    0.0155420773313116,
                    0.016300227445034118,
                    0.01819560272934041,
                    0.019711902956785442,
                    0.0200909780136467,
                    0.0200909780136467,
                    0.0200909780136467,
                    0.02047005307050796,
                    0.02047005307050796,
                    1.0
                ],
                "tpr": [
                    0.0,
                    0.0,
                    0.0,
                    0.0,
                    0.0,
                    0.0,
                    0.0,
                    0.0,
                    0.0,
                    0.0,
                    0.0,
                    0.0,
                    0.0,
                    0.0,
                    0.0,
                    0.0,
                    0.0,
                    0.02857142857142857,
                    0.18571428571428572,
                    0.2,
                    0.9428571428571428,
                    1.0
                ],
                "thresholds": [
                    Infinity,
                    0.998,
                    0.9966,
                    0.996,
                    0.9953,
                    0.9941,
                    0.9929,
                    0.9928,
                    0.9922,
                    0.9918,
                    0.9909,
                    0.9908,
                    0.9905,
                    0.9897,
                    0.9896,
                    0.9888,
                    0.9886,
                    0.988,
                    0.9878,
                    0.9872,
                    0.9871,
                    0.0
                ]
            }
        },
        "predicted_anomalies_len": 2,
        "batch_number": 11,
        "batch_time": "0:00:06.477424",
        "total_time": "0:01:31.099008",
        "cumulative_verified": 120,
        "copied_pending": 118
    },
    "anomalies": [
        {
            "anchor": 765,
            "neigh": [
                765,
                2367,
                1147,
                1598,
                1090,
                640,
                395
            ],
            "score": 0.0104,
            "freq": 0.0104,
            "weight": 0.00258493353028065,
            "original": true,
            "is_true": false
        },
        {
            "anchor": 2440,
            "neigh": [
                2440,
                657,
                867,
                1229,
                2442,
                871,
                2530,
                2439
            ],
            "score": 0.0092,
            "freq": 0.0092,
            "weight": 0.0029542097488921715,
            "original": true,
            "is_true": false
        }
    ]
}