{
    "stats": {
        "stat_results": {
            "accuracy": 0.9833825701624815,
            "recall": 0.6,
            "precision": 0.711864406779661,
            "f1": 0.6511627906976745,
            "auroc": 0.7948689483374851,
            "ap": 0.3992694385144362,
            "tp": 42,
            "tn": 2621,
            "fp": 17,
            "fn": 28,
            "true_pred_nodes": [
                641,
                2307,
                1540,
                1547,
                781,
                1035,
                143,
                1426,
                915,
                660,
                2198,
                151,
                1818,
                539,
                1053,
                1310,
                287,
                1570,
                674,
                1573,
                2600,
                2479,
                181,
                311,
                2624,
                833,
                1090,
                1224,
                2506,
                843,
                76,
                1229,
                459,
                2386,
                1362,
                980,
                1623,
                1901,
                1391,
                1135,
                1014,
                1533
            ],
            "optimal_threshold": 0.012900000000000023,
            "roc_curve": {
                "fpr": [
                    0.0,
                    0.0003790750568612585,
                    0.000758150113722517,
                    0.001516300227445034,
                    0.002274450341167551,
                    0.003032600454890068,
                    0.003411675511751327,
                    0.004169825625473844,
                    0.004927975739196361,
                    0.005686125852918878,
                    0.006065200909780136,
                    0.006065200909780136,
                    0.006065200909780136,
                    0.006444275966641395,
                    0.006444275966641395,
                    1.0
                ],
                "tpr": [
                    0.0,
                    0.0,
                    0.0,
                    0.0,
                    0.0,
                    0.0,
                    0.0,
                    0.0,
                    0.0,
                    0.0,
                    0.0,
                    0.014285714285714285,
                    0.05714285714285714,
                    0.07142857142857142,
                    0.6,
                    1.0
                ],
                "thresholds": [
                    Infinity,
                    0.9975,
                    0.9966,
                    0.9941,
                    0.9928,
                    0.9922,
                    0.9908,
                    0.9905,
                    0.9896,
                    0.989,
                    0.9886,
                    0.988,
                    0.9878,
                    0.9872,
                    0.9871,
                    0.0
                ]
            }
        },
        "predicted_anomalies_len": 4,
        "batch_number": 6,
        "batch_time": "0:00:08.059829",
        "total_time": "0:00:49.832110",
        "cumulative_verified": 59,
        "copied_pending": 109
    },
    "anomalies": [
        {
            "anchor": 1767,
            "neigh": [
                1767,
                1783,
                1623,
                2056,
                1053,
                311,
                459
            ],
            "score": 0.0059,
            "freq": 0.0059,
            "weight": 0.00258493353028065,
            "original": true,
            "is_true": false
        },
        {
            "anchor": 459,
            "neigh": [
                459,
                1623,
                1783,
                2056,
                1053,
                311,
                2386
            ],
            "score": 0.0129,
            "freq": 0.0129,
            "weight": 0.00258493353028065,
            "original": true,
            "is_true": true
        },
        {
            "anchor": 969,
            "neigh": [
                969,
                704,
                1483,
                1743,
                2450,
                2113,
                1412,
                389
            ],
            "score": 0.0059,
            "freq": 0.0059,
            "weight": 0.0029542097488921715,
            "original": true,
            "is_true": false
        },
        {
            "anchor": 1317,
            "neigh": [
                1317,
                796,
                1040,
                1719,
                1720,
                1739,
                1358,
                1169
            ],
            "score": 0.0099,
            "freq": 0.0099,
            "weight": 0.0029542097488921715,
            "original": true,
            "is_true": false
        }
    ]
}