{
    "stats": {
        "stat_results": {
            "accuracy": 0.9789512555391433,
            "recall": 0.9571428571428572,
            "precision": 0.5537190082644629,
            "f1": 0.7015706806282722,
            "auroc": 0.9586131268276833,
            "ap": 0.45528473908942957,
            "tp": 67,
            "tn": 2584,
            "fp": 54,
            "fn": 3,
            "true_pred_nodes": [
                2307,
                1540,
                2056,
                1547,
                1035,
                781,
                1818,
                539,
                1053,
                1310,
                287,
                2078,
                1570,
                1573,
                294,
                2600,
                50,
                311,
                572,
                1854,
                2624,
                833,
                1090,
                2121,
                843,
                76,
                2386,
                1362,
                1623,
                2654,
                869,
                874,
                1901,
                1391,
                1135,
                1133,
                124,
                127,
                641,
                1674,
                143,
                1426,
                915,
                660,
                2198,
                151,
                674,
                938,
                170,
                2475,
                2479,
                181,
                438,
                1206,
                451,
                1732,
                1224,
                2506,
                459,
                1229,
                980,
                2518,
                214,
                738,
                1014,
                1783,
                1533
            ],
            "optimal_threshold": 0.012900000000000023,
            "roc_curve": {
                "fpr": [
                    0.0,
                    0.000758150113722517,
                    0.0018953752843062926,
                    0.003032600454890068,
                    0.004927975739196361,
                    0.007202426080363912,
                    0.00796057619408643,
                    0.009476876421531463,
                    0.01023502653525398,
                    0.012130401819560273,
                    0.012509476876421531,
                    0.014783927217589083,
                    0.0155420773313116,
                    0.016300227445034118,
                    0.01819560272934041,
                    0.019711902956785442,
                    0.0200909780136467,
                    0.0200909780136467,
                    0.0200909780136467,
                    0.02047005307050796,
                    0.02047005307050796,
                    1.0
                ],
                "tpr": [
                    0.0,
                    0.0,
                    0.0,
                    0.0,
                    0.0,
                    0.0,
                    0.0,
                    0.0,
                    0.0,
                    0.0,
                    0.0,
                    0.0,
                    0.0,
                    0.0,
                    0.0,
                    0.0,
                    0.0,
                    0.02857142857142857,
                    0.18571428571428572,
                    0.2,
                    0.9571428571428572,
                    1.0
                ],
                "thresholds": [
                    Infinity,
                    0.998,
                    0.9966,
                    0.996,
                    0.9953,
                    0.9941,
                    0.9929,
                    0.9928,
                    0.9922,
                    0.9918,
                    0.9909,
                    0.9908,
                    0.9905,
                    0.9897,
                    0.9896,
                    0.9888,
                    0.9886,
                    0.988,
                    0.9878,
                    0.9872,
                    0.9871,
                    0.0
                ]
            }
        },
        "predicted_anomalies_len": 1,
        "batch_number": 12,
        "batch_time": "0:00:03.442837",
        "total_time": "0:01:34.541845",
        "cumulative_verified": 121,
        "copied_pending": 118
    },
    "anomalies": [
        {
            "anchor": 738,
            "neigh": [
                738,
                2386,
                874,
                311,
                2056,
                459,
                1053
            ],
            "score": 0.0129,
            "freq": 0.0129,
            "weight": 0.00258493353028065,
            "original": true,
            "is_true": true
        }
    ]
}