{
    "stats": {
        "stat_results": {
            "accuracy": 0.9804283604135894,
            "recall": 0.34285714285714286,
            "precision": 0.7741935483870968,
            "f1": 0.4752475247524752,
            "auroc": 0.6696469186613236,
            "ap": 0.25960191342940186,
            "tp": 24,
            "tn": 2631,
            "fp": 7,
            "fn": 46,
            "true_pred_nodes": [
                2307,
                1540,
                781,
                143,
                1426,
                660,
                1818,
                539,
                1310,
                287,
                1570,
                674,
                1573,
                2600,
                2479,
                181,
                2624,
                1090,
                2506,
                76,
                1229,
                2386,
                1014,
                1533
            ],
            "optimal_threshold": 0.012900000000000023,
            "roc_curve": {
                "fpr": [
                    0.0,
                    0.0003790750568612585,
                    0.001516300227445034,
                    0.002274450341167551,
                    0.00265352539802881,
                    0.00265352539802881,
                    0.00265352539802881,
                    0.00265352539802881,
                    1.0
                ],
                "tpr": [
                    0.0,
                    0.0,
                    0.0,
                    0.0,
                    0.0,
                    0.014285714285714285,
                    0.04285714285714286,
                    0.34285714285714286,
                    1.0
                ],
                "thresholds": [
                    Infinity,
                    0.9929,
                    0.9905,
                    0.989,
                    0.9886,
                    0.988,
                    0.9878,
                    0.9871,
                    0.0
                ]
            }
        },
        "predicted_anomalies_len": 9,
        "batch_number": 3,
        "batch_time": "0:00:08.681048",
        "total_time": "0:00:25.608550",
        "cumulative_verified": 31,
        "copied_pending": 79
    },
    "anomalies": [
        {
            "anchor": 1818,
            "neigh": [
                1818,
                2624,
                660,
                1540,
                76,
                1310,
                1570
            ],
            "score": 0.0129,
            "freq": 0.0129,
            "weight": 0.00258493353028065,
            "original": true,
            "is_true": true
        },
        {
            "anchor": 287,
            "neigh": [
                287,
                294,
                980,
                843,
                151,
                1362,
                2198
            ],
            "score": 0.0129,
            "freq": 0.0129,
            "weight": 0.00258493353028065,
            "original": true,
            "is_true": true
        },
        {
            "anchor": 219,
            "neigh": [
                219,
                507,
                1413,
                1542,
                402,
                1936,
                812
            ],
            "score": 0.011,
            "freq": 0.011,
            "weight": 0.00258493353028065,
            "original": true,
            "is_true": false
        },
        {
            "anchor": 1931,
            "neigh": [
                1931,
                507,
                1413,
                1542,
                402,
                1936,
                812
            ],
            "score": 0.011,
            "freq": 0.011,
            "weight": 0.00258493353028065,
            "original": true,
            "is_true": false
        },
        {
            "anchor": 2506,
            "neigh": [
                2506,
                1623,
                311,
                459,
                874,
                738,
                1053
            ],
            "score": 0.0129,
            "freq": 0.0129,
            "weight": 0.00258493353028065,
            "original": true,
            "is_true": true
        },
        {
            "anchor": 1090,
            "neigh": [
                1090,
                660,
                2624,
                1540,
                76,
                1310,
                1570
            ],
            "score": 0.0129,
            "freq": 0.0129,
            "weight": 0.00258493353028065,
            "original": true,
            "is_true": true
        },
        {
            "anchor": 2600,
            "neigh": [
                2600,
                832,
                50,
                1854,
                641,
                170,
                214,
                2078
            ],
            "score": 0.0122,
            "freq": 0.0122,
            "weight": 0.0029542097488921715,
            "original": true,
            "is_true": true
        },
        {
            "anchor": 1229,
            "neigh": [
                1229,
                1358,
                1732,
                869,
                1133,
                124,
                1547,
                572
            ],
            "score": 0.012,
            "freq": 0.012,
            "weight": 0.0029542097488921715,
            "original": true,
            "is_true": true
        },
        {
            "anchor": 2442,
            "neigh": [
                2442,
                867,
                657,
                1229,
                2440,
                871,
                2530,
                2439
            ],
            "score": 0.0092,
            "freq": 0.0092,
            "weight": 0.0029542097488921715,
            "original": true,
            "is_true": false
        }
    ]
}