{
    "stats": {
        "stat_results": {
            "accuracy": 0.9819054652880355,
            "recall": 0.45714285714285713,
            "precision": 0.7441860465116279,
            "f1": 0.5663716814159292,
            "auroc": 0.7255577818693815,
            "ap": 0.3190835706481792,
            "tp": 32,
            "tn": 2627,
            "fp": 11,
            "fn": 38,
            "true_pred_nodes": [
                2307,
                1540,
                1547,
                781,
                1035,
                143,
                1426,
                915,
                660,
                2198,
                1818,
                539,
                1310,
                287,
                1570,
                674,
                1573,
                2600,
                2479,
                181,
                2624,
                833,
                1090,
                1224,
                2506,
                76,
                1229,
                2386,
                1391,
                1135,
                1014,
                1533
            ],
            "optimal_threshold": 0.012900000000000023,
            "roc_curve": {
                "fpr": [
                    0.0,
                    0.0003790750568612585,
                    0.000758150113722517,
                    0.001516300227445034,
                    0.0018953752843062926,
                    0.003411675511751327,
                    0.0037907505686125853,
                    0.0037907505686125853,
                    0.0037907505686125853,
                    0.004169825625473844,
                    0.004169825625473844,
                    1.0
                ],
                "tpr": [
                    0.0,
                    0.0,
                    0.0,
                    0.0,
                    0.0,
                    0.0,
                    0.0,
                    0.014285714285714285,
                    0.05714285714285714,
                    0.07142857142857142,
                    0.45714285714285713,
                    1.0
                ],
                "thresholds": [
                    Infinity,
                    0.9929,
                    0.9928,
                    0.9922,
                    0.9908,
                    0.989,
                    0.9886,
                    0.988,
                    0.9878,
                    0.9872,
                    0.9871,
                    0.0
                ]
            }
        },
        "predicted_anomalies_len": 7,
        "batch_number": 4,
        "batch_time": "0:00:09.350499",
        "total_time": "0:00:34.959049",
        "cumulative_verified": 43,
        "copied_pending": 88
    },
    "anomalies": [
        {
            "anchor": 1391,
            "neigh": [
                1391,
                833,
                2307,
                1674,
                1035,
                1135,
                1573
            ],
            "score": 0.0129,
            "freq": 0.0129,
            "weight": 0.00258493353028065,
            "original": true,
            "is_true": true
        },
        {
            "anchor": 2198,
            "neigh": [
                2198,
                294,
                151,
                843,
                1362,
                980,
                287
            ],
            "score": 0.0129,
            "freq": 0.0129,
            "weight": 0.00258493353028065,
            "original": true,
            "is_true": true
        },
        {
            "anchor": 833,
            "neigh": [
                833,
                2307,
                1224,
                1035,
                915,
                1135,
                1573
            ],
            "score": 0.0129,
            "freq": 0.0129,
            "weight": 0.00258493353028065,
            "original": true,
            "is_true": true
        },
        {
            "anchor": 1689,
            "neigh": [
                1689,
                156,
                155,
                1358,
                1763,
                90,
                817,
                1736
            ],
            "score": 0.0078,
            "freq": 0.0078,
            "weight": 0.0029542097488921715,
            "original": true,
            "is_true": false
        },
        {
            "anchor": 1547,
            "neigh": [
                1547,
                2169,
                1229,
                1235,
                869,
                1732,
                124,
                2475
            ],
            "score": 0.0122,
            "freq": 0.0122,
            "weight": 0.0029542097488921715,
            "original": true,
            "is_true": true
        },
        {
            "anchor": 428,
            "neigh": [
                428,
                1257,
                2248,
                996,
                1135,
                2671,
                1071,
                2249
            ],
            "score": 0.0128,
            "freq": 0.0128,
            "weight": 0.0029542097488921715,
            "original": true,
            "is_true": false
        },
        {
            "anchor": 1127,
            "neigh": [
                1127,
                553,
                745,
                1583,
                1986,
                366,
                1995,
                160
            ],
            "score": 0.0095,
            "freq": 0.0095,
            "weight": 0.0029542097488921715,
            "original": true,
            "is_true": false
        }
    ]
}