{
    "stats": {
        "stat_results": {
            "accuracy": 0.98301329394387,
            "recall": 0.5428571428571428,
            "precision": 0.7307692307692307,
            "f1": 0.6229508196721312,
            "auroc": 0.7673589299252679,
            "ap": 0.37118617377401447,
            "tp": 38,
            "tn": 2624,
            "fp": 14,
            "fn": 32,
            "true_pred_nodes": [
                641,
                2307,
                1540,
                1547,
                781,
                1035,
                143,
                1426,
                915,
                660,
                2198,
                151,
                1818,
                539,
                1310,
                287,
                1570,
                674,
                1573,
                2600,
                2479,
                181,
                2624,
                833,
                1090,
                1224,
                2506,
                843,
                76,
                1229,
                2386,
                1362,
                980,
                1901,
                1391,
                1135,
                1014,
                1533
            ],
            "optimal_threshold": 0.012900000000000023,
            "roc_curve": {
                "fpr": [
                    0.0,
                    0.0003790750568612585,
                    0.001516300227445034,
                    0.002274450341167551,
                    0.00265352539802881,
                    0.003411675511751327,
                    0.0037907505686125853,
                    0.004548900682335102,
                    0.004927975739196361,
                    0.004927975739196361,
                    0.004927975739196361,
                    0.00530705079605762,
                    0.00530705079605762,
                    1.0
                ],
                "tpr": [
                    0.0,
                    0.0,
                    0.0,
                    0.0,
                    0.0,
                    0.0,
                    0.0,
                    0.0,
                    0.0,
                    0.014285714285714285,
                    0.05714285714285714,
                    0.07142857142857142,
                    0.5428571428571428,
                    1.0
                ],
                "thresholds": [
                    Infinity,
                    0.9975,
                    0.9928,
                    0.9922,
                    0.9908,
                    0.9905,
                    0.9896,
                    0.989,
                    0.9886,
                    0.988,
                    0.9878,
                    0.9872,
                    0.9871,
                    0.0
                ]
            }
        },
        "predicted_anomalies_len": 5,
        "batch_number": 5,
        "batch_time": "0:00:06.813232",
        "total_time": "0:00:41.772281",
        "cumulative_verified": 52,
        "copied_pending": 98
    },
    "anomalies": [
        {
            "anchor": 1525,
            "neigh": [
                1525,
                1224,
                1370,
                778,
                779,
                1919,
                1914
            ],
            "score": 0.0025,
            "freq": 0.0025,
            "weight": 0.00258493353028065,
            "original": true,
            "is_true": false
        },
        {
            "anchor": 1901,
            "neigh": [
                1901,
                1362,
                2518,
                843,
                980,
                151,
                287
            ],
            "score": 0.0129,
            "freq": 0.0129,
            "weight": 0.00258493353028065,
            "original": true,
            "is_true": true
        },
        {
            "anchor": 641,
            "neigh": [
                641,
                2600,
                2654,
                1854,
                170,
                50,
                214
            ],
            "score": 0.0129,
            "freq": 0.0129,
            "weight": 0.00258493353028065,
            "original": true,
            "is_true": true
        },
        {
            "anchor": 395,
            "neigh": [
                395,
                640,
                1147,
                2367,
                1090,
                1598,
                765
            ],
            "score": 0.0104,
            "freq": 0.0104,
            "weight": 0.00258493353028065,
            "original": true,
            "is_true": false
        },
        {
            "anchor": 2249,
            "neigh": [
                2249,
                2248,
                1257,
                2518,
                2671,
                1135,
                1071,
                996
            ],
            "score": 0.0034,
            "freq": 0.0034,
            "weight": 0.0029542097488921715,
            "original": true,
            "is_true": false
        }
    ]
}