{
    "stats": {
        "stat_results": {
            "accuracy": 0.9793205317577548,
            "recall": 0.2571428571428571,
            "precision": 0.8181818181818182,
            "f1": 0.391304347826087,
            "auroc": 0.6276183255713202,
            "ap": 0.22076080492624067,
            "tp": 18,
            "tn": 2634,
            "fp": 4,
            "fn": 52,
            "true_pred_nodes": [
                2307,
                1540,
                781,
                143,
                1426,
                660,
                539,
                1310,
                1570,
                674,
                1573,
                2479,
                181,
                2624,
                76,
                2386,
                1014,
                1533
            ],
            "optimal_threshold": 0.012900000000000023,
            "roc_curve": {
                "fpr": [
                    0.0,
                    0.0003790750568612585,
                    0.001516300227445034,
                    0.001516300227445034,
                    0.001516300227445034,
                    1.0
                ],
                "tpr": [
                    0.0,
                    0.0,
                    0.0,
                    0.014285714285714285,
                    0.2571428571428571,
                    1.0
                ],
                "thresholds": [
                    Infinity,
                    0.9929,
                    0.9886,
                    0.9878,
                    0.9871,
                    0.0
                ]
            }
        },
        "predicted_anomalies_len": 7,
        "batch_number": 2,
        "batch_time": "0:00:08.023863",
        "total_time": "0:00:16.927502",
        "cumulative_verified": 22,
        "copied_pending": 47
    },
    "anomalies": [
        {
            "anchor": 1570,
            "neigh": [
                1570,
                2624,
                76,
                1426,
                660,
                1310,
                1090
            ],
            "score": 0.0129,
            "freq": 0.0129,
            "weight": 0.00258493353028065,
            "original": true,
            "is_true": true
        },
        {
            "anchor": 1540,
            "neigh": [
                1540,
                76,
                2624,
                1426,
                660,
                1310,
                1090
            ],
            "score": 0.0129,
            "freq": 0.0129,
            "weight": 0.00258493353028065,
            "original": true,
            "is_true": true
        },
        {
            "anchor": 1533,
            "neigh": [
                1533,
                76,
                2624,
                1426,
                660,
                1310,
                1540
            ],
            "score": 0.0129,
            "freq": 0.0129,
            "weight": 0.00258493353028065,
            "original": true,
            "is_true": true
        },
        {
            "anchor": 2479,
            "neigh": [
                2479,
                143,
                539,
                781,
                674,
                181,
                1014
            ],
            "score": 0.0129,
            "freq": 0.0129,
            "weight": 0.00258493353028065,
            "original": true,
            "is_true": true
        },
        {
            "anchor": 2439,
            "neigh": [
                2439,
                2530,
                867,
                1229,
                2652,
                871,
                2442,
                657
            ],
            "score": 0.0114,
            "freq": 0.0114,
            "weight": 0.0029542097488921715,
            "original": true,
            "is_true": false
        },
        {
            "anchor": 436,
            "neigh": [
                436,
                483,
                816,
                1980,
                1979,
                2405,
                1842,
                120
            ],
            "score": 0.0071,
            "freq": 0.0071,
            "weight": 0.0029542097488921715,
            "original": true,
            "is_true": false
        },
        {
            "anchor": 1573,
            "neigh": [
                1573,
                598,
                1224,
                2307,
                1035,
                833,
                1135,
                915
            ],
            "score": 0.0122,
            "freq": 0.0122,
            "weight": 0.0029542097488921715,
            "original": true,
            "is_true": true
        }
    ]
}