{
    "dataset": "inj_cora",
    "stat_results": {
        "accuracy": 0.9789512555391433,
        "recall": 0.9714285714285714,
        "precision": 0.5528455284552846,
        "f1": 0.7046632124352331,
        "auroc": 0.9741876963067259,
        "ap": 0.5540991900639435,
        "tp": 68,
        "tn": 2583,
        "fp": 55,
        "fn": 2,
        "true_pred_nodes": [
            2307,
            1540,
            2056,
            1547,
            1035,
            781,
            1818,
            539,
            1053,
            2078,
            1310,
            287,
            1533,
            1570,
            1573,
            294,
            2600,
            2089,
            50,
            311,
            572,
            1854,
            2624,
            833,
            1090,
            2121,
            843,
            76,
            2386,
            1362,
            1623,
            2654,
            869,
            874,
            1133,
            1135,
            1391,
            124,
            127,
            641,
            1674,
            143,
            1426,
            915,
            660,
            2198,
            151,
            674,
            170,
            2475,
            938,
            2479,
            181,
            438,
            1206,
            451,
            1732,
            1224,
            2506,
            459,
            1229,
            1235,
            980,
            214,
            2518,
            738,
            1014,
            1783
        ],
        "optimal_threshold": 0.012900000000000023,
        "roc_curve": {
            "fpr": [
                0.0,
                0.010993176648976498,
                0.01288855193328279,
                0.014025777103866566,
                0.0155420773313116,
                0.016679302501895376,
                0.018953752843062926,
                0.018953752843062926,
                0.019711902956785442,
                0.02047005307050796,
                0.02047005307050796,
                0.02084912812736922,
                0.02084912812736922,
                1.0
            ],
            "tpr": [
                0.0,
                0.5857142857142857,
                0.5857142857142857,
                0.5857142857142857,
                0.5857142857142857,
                0.5857142857142857,
                0.5857142857142857,
                0.6,
                0.6,
                0.6,
                0.6142857142857143,
                0.6142857142857143,
                0.9714285714285714,
                1.0
            ],
            "thresholds": [
                Infinity,
                1.0,
                0.996,
                0.9941,
                0.9928,
                0.9909,
                0.9896,
                0.9893,
                0.989,
                0.9886,
                0.988,
                0.9872,
                0.9871,
                0.0
            ]
        }
    },
    "verified_count": 123,
    "starting_nodes_count": 1104,
    "total_time": "0:01:15.790196"
}