{
    "dataset": "inj_cora",
    "stat_results": {
        "accuracy": 0.982274741506647,
        "recall": 0.9285714285714286,
        "precision": 0.6018518518518519,
        "f1": 0.7303370786516854,
        "auroc": 0.9546572078414384,
        "ap": 0.5740324164475248,
        "tp": 65,
        "tn": 2595,
        "fp": 43,
        "fn": 5,
        "true_pred_nodes": [
            2307,
            1540,
            2056,
            1035,
            1547,
            781,
            1818,
            539,
            1053,
            2078,
            287,
            1310,
            1570,
            1573,
            294,
            2600,
            2089,
            50,
            311,
            572,
            1854,
            2624,
            833,
            1090,
            2121,
            843,
            76,
            2126,
            2386,
            1362,
            1623,
            2654,
            874,
            1901,
            1135,
            1391,
            124,
            127,
            641,
            1674,
            143,
            915,
            660,
            2198,
            151,
            674,
            170,
            938,
            2479,
            181,
            438,
            1206,
            451,
            1732,
            1224,
            2506,
            459,
            1229,
            980,
            2518,
            214,
            738,
            1014,
            1783,
            1533
        ],
        "optimal_threshold": 0.012900000000000023,
        "roc_curve": {
            "fpr": [
                0.0,
                0.006444275966641395,
                0.009476876421531463,
                0.01023502653525398,
                0.011372251705837756,
                0.012130401819560273,
                0.012509476876421531,
                0.01288855193328279,
                0.013646702047005308,
                0.014025777103866566,
                0.015163002274450341,
                0.0155420773313116,
                0.0155420773313116,
                0.016300227445034118,
                0.016300227445034118,
                1.0
            ],
            "tpr": [
                0.0,
                0.45714285714285713,
                0.45714285714285713,
                0.45714285714285713,
                0.45714285714285713,
                0.45714285714285713,
                0.4714285714285714,
                0.4714285714285714,
                0.4714285714285714,
                0.4714285714285714,
                0.4714285714285714,
                0.4714285714285714,
                0.5428571428571428,
                0.5428571428571428,
                0.9285714285714286,
                1.0
            ],
            "thresholds": [
                Infinity,
                1.0,
                0.9929,
                0.9928,
                0.9908,
                0.9905,
                0.9901,
                0.9897,
                0.9896,
                0.9895,
                0.989,
                0.9886,
                0.9878,
                0.9872,
                0.9871,
                0.0
            ]
        }
    },
    "verified_count": 108,
    "starting_nodes_count": 1116,
    "total_time": "0:01:37.397613"
}