{
    "dataset": "inj_cora",
    "outliers": {
        "all": 138,
        "contextual": 70,
        "structural": 70
    },
    "model": "adone",
    "epoch": 300,
    "auc": {
        "mean": 0.7785783391135171,
        "std": 0.042559986896114566,
        "max": 0.8194129588902047
    },
    "ap": {
        "mean": 0.1692877024375452,
        "std": 0.03411532921924438,
        "max": 0.22038538411073638
    },
    "rec": {
        "mean": 0.39447465538978577,
        "std": 0.1134382039308548,
        "max": 0.54347825050354
    },
    "pr": {
        "mean": 0.200876384973526,
        "std": 0.05776558071374893,
        "max": 0.276752769947052
    },
    "f1": {
        "mean": 0.2661980390548706,
        "std": 0.07654998451471329,
        "max": 0.3667481541633606
    },
    "time": {
        "mean": 6.4624528884887695,
        "std": 0.6084530353546143,
        "max": 7.94319486618042
    },
    "contextual": {
        "auc": {
            "mean": 0.6529396932199718,
            "std": 0.07181649674035626,
            "max": 0.7874472002599372
        },
        "ap": {
            "mean": 0.0656235391375439,
            "std": 0.019318052408592242,
            "max": 0.11299656202066075
        },
        "rec": {
            "mean": 0.21339288353919983,
            "std": 0.07727832347154617,
            "max": 0.34285715222358704
        },
        "pr": {
            "mean": 0.05511992797255516,
            "std": 0.019961189478635788,
            "max": 0.08856088668107986
        },
        "f1": {
            "mean": 0.08760996162891388,
            "std": 0.03172716870903969,
            "max": 0.14076246321201324
        }
    },
    "structural": {
        "auc": {
            "mean": 0.8947579334994044,
            "std": 0.07081876593870885,
            "max": 0.9635167334560815
        },
        "ap": {
            "mean": 0.14808434731884582,
            "std": 0.06661874978601164,
            "max": 0.24930120557439142
        },
        "rec": {
            "mean": 0.5901785492897034,
            "std": 0.27983078360557556,
            "max": 0.9571428298950195
        },
        "pr": {
            "mean": 0.15244464576244354,
            "std": 0.07228101789951324,
            "max": 0.24723246693611145
        },
        "f1": {
            "mean": 0.2423020601272583,
            "std": 0.11488654464483261,
            "max": 0.39296188950538635
        }
    }
}