{
    "stats": {
        "stat_results": {
            "accuracy": 0.9796898079763663,
            "recall": 0.3142857142857143,
            "precision": 0.7586206896551724,
            "f1": 0.4444444444444444,
            "auroc": 0.6554370193869815,
            "ap": 0.22433445389565188,
            "tp": 22,
            "tn": 2631,
            "fp": 7,
            "fn": 48,
            "true_pred_nodes": [
                641,
                2624,
                1090,
                1540,
                2056,
                2121,
                76,
                915,
                660,
                214,
                151,
                1818,
                2078,
                2654,
                1310,
                674,
                1570,
                2600,
                170,
                50,
                1783,
                1533
            ],
            "optimal_threshold": 0.012900000000000023,
            "roc_curve": {
                "fpr": [
                    0.0,
                    0.0003790750568612585,
                    0.000758150113722517,
                    0.0018953752843062926,
                    0.002274450341167551,
                    0.00265352539802881,
                    0.00265352539802881,
                    0.00265352539802881,
                    1.0
                ],
                "tpr": [
                    0.0,
                    0.0,
                    0.014285714285714285,
                    0.014285714285714285,
                    0.02857142857142857,
                    0.02857142857142857,
                    0.1,
                    0.3142857142857143,
                    1.0
                ],
                "thresholds": [
                    Infinity,
                    0.9975,
                    0.9967,
                    0.9929,
                    0.9901,
                    0.989,
                    0.9878,
                    0.9871,
                    0.0
                ]
            }
        },
        "predicted_anomalies_len": 10,
        "batch_number": 3,
        "batch_time": "0:00:08.035037",
        "total_time": "0:00:24.914268",
        "cumulative_verified": 29,
        "copied_pending": 75
    },
    "anomalies": [
        {
            "anchor": 674,
            "neigh": [
                674,
                2121,
                143,
                781,
                539,
                181,
                1014
            ],
            "score": 0.0129,
            "freq": 0.0129,
            "weight": 0.00258493353028065,
            "original": true,
            "is_true": true
        },
        {
            "anchor": 2654,
            "neigh": [
                2654,
                2078,
                641,
                214,
                2600,
                50,
                1206
            ],
            "score": 0.0129,
            "freq": 0.0129,
            "weight": 0.00258493353028065,
            "original": true,
            "is_true": true
        },
        {
            "anchor": 1570,
            "neigh": [
                1570,
                1090,
                2624,
                1540,
                76,
                1310,
                1818
            ],
            "score": 0.0129,
            "freq": 0.0129,
            "weight": 0.00258493353028065,
            "original": true,
            "is_true": true
        },
        {
            "anchor": 1818,
            "neigh": [
                1818,
                1090,
                2624,
                1540,
                76,
                1310,
                660
            ],
            "score": 0.0129,
            "freq": 0.0129,
            "weight": 0.00258493353028065,
            "original": true,
            "is_true": true
        },
        {
            "anchor": 219,
            "neigh": [
                219,
                1413,
                1542,
                507,
                1936,
                402,
                1931
            ],
            "score": 0.011,
            "freq": 0.011,
            "weight": 0.00258493353028065,
            "original": true,
            "is_true": false
        },
        {
            "anchor": 660,
            "neigh": [
                660,
                1090,
                2624,
                1540,
                76,
                1310,
                1818
            ],
            "score": 0.0129,
            "freq": 0.0129,
            "weight": 0.00258493353028065,
            "original": true,
            "is_true": true
        },
        {
            "anchor": 640,
            "neigh": [
                640,
                1090,
                1598,
                1093,
                2367,
                1147,
                395,
                765
            ],
            "score": 0.0033,
            "freq": 0.0033,
            "weight": 0.0029542097488921715,
            "original": true,
            "is_true": false
        },
        {
            "anchor": 170,
            "neigh": [
                170,
                1358,
                2078,
                641,
                214,
                2600,
                50,
                127
            ],
            "score": 0.0122,
            "freq": 0.0122,
            "weight": 0.0029542097488921715,
            "original": true,
            "is_true": true
        },
        {
            "anchor": 1077,
            "neigh": [
                1077,
                1483,
                2113,
                2450,
                389,
                1743,
                704,
                1412
            ],
            "score": 0.004,
            "freq": 0.004,
            "weight": 0.0029542097488921715,
            "original": true,
            "is_true": false
        },
        {
            "anchor": 436,
            "neigh": [
                436,
                483,
                816,
                1980,
                1979,
                2405,
                1842,
                120
            ],
            "score": 0.0071,
            "freq": 0.0071,
            "weight": 0.0029542097488921715,
            "original": true,
            "is_true": false
        }
    ]
}