{
    "stats": {
        "stat_results": {
            "accuracy": 0.9852289512555391,
            "recall": 0.6714285714285714,
            "precision": 0.734375,
            "f1": 0.7014925373134329,
            "auroc": 0.8304613884977796,
            "ap": 0.4446068621969147,
            "tp": 47,
            "tn": 2621,
            "fp": 17,
            "fn": 23,
            "true_pred_nodes": [
                2307,
                1540,
                2056,
                781,
                1818,
                539,
                1053,
                2078,
                1310,
                287,
                1570,
                1573,
                294,
                2600,
                50,
                311,
                2624,
                833,
                1090,
                2121,
                843,
                76,
                2386,
                1362,
                1623,
                2654,
                874,
                1901,
                1135,
                641,
                143,
                915,
                660,
                151,
                674,
                170,
                1206,
                438,
                1732,
                1224,
                459,
                980,
                214,
                738,
                1014,
                1783,
                1533
            ],
            "optimal_threshold": 0.012900000000000023,
            "roc_curve": {
                "fpr": [
                    0.0,
                    0.0003790750568612585,
                    0.000758150113722517,
                    0.002274450341167551,
                    0.0037907505686125853,
                    0.004169825625473844,
                    0.00530705079605762,
                    0.005686125852918878,
                    0.006065200909780136,
                    0.006065200909780136,
                    0.006065200909780136,
                    0.006444275966641395,
                    0.006444275966641395,
                    1.0
                ],
                "tpr": [
                    0.0,
                    0.0,
                    0.014285714285714285,
                    0.014285714285714285,
                    0.014285714285714285,
                    0.014285714285714285,
                    0.014285714285714285,
                    0.02857142857142857,
                    0.02857142857142857,
                    0.04285714285714286,
                    0.11428571428571428,
                    0.12857142857142856,
                    0.6714285714285714,
                    1.0
                ],
                "thresholds": [
                    Infinity,
                    0.9975,
                    0.9967,
                    0.9929,
                    0.9918,
                    0.9908,
                    0.9905,
                    0.9901,
                    0.989,
                    0.988,
                    0.9878,
                    0.9872,
                    0.9871,
                    0.0
                ]
            }
        },
        "predicted_anomalies_len": 9,
        "batch_number": 6,
        "batch_time": "0:00:10.277788",
        "total_time": "0:00:50.851793",
        "cumulative_verified": 64,
        "copied_pending": 88
    },
    "anomalies": [
        {
            "anchor": 438,
            "neigh": [
                438,
                1224,
                1135,
                2307,
                915,
                833,
                1573
            ],
            "score": 0.0129,
            "freq": 0.0129,
            "weight": 0.00258493353028065,
            "original": true,
            "is_true": true
        },
        {
            "anchor": 1014,
            "neigh": [
                1014,
                2126,
                2121,
                781,
                143,
                539,
                2089
            ],
            "score": 0.0129,
            "freq": 0.0129,
            "weight": 0.00258493353028065,
            "original": true,
            "is_true": true
        },
        {
            "anchor": 843,
            "neigh": [
                843,
                1901,
                151,
                294,
                1362,
                287,
                2198
            ],
            "score": 0.0129,
            "freq": 0.0129,
            "weight": 0.00258493353028065,
            "original": true,
            "is_true": true
        },
        {
            "anchor": 980,
            "neigh": [
                980,
                1901,
                151,
                294,
                1362,
                287,
                2198
            ],
            "score": 0.0129,
            "freq": 0.0129,
            "weight": 0.00258493353028065,
            "original": true,
            "is_true": true
        },
        {
            "anchor": 1573,
            "neigh": [
                1573,
                1224,
                1135,
                2307,
                915,
                833,
                1035
            ],
            "score": 0.0129,
            "freq": 0.0129,
            "weight": 0.00258493353028065,
            "original": true,
            "is_true": true
        },
        {
            "anchor": 428,
            "neigh": [
                428,
                996,
                1257,
                2248,
                1135,
                2671,
                1071,
                2249
            ],
            "score": 0.0128,
            "freq": 0.0128,
            "weight": 0.0029542097488921715,
            "original": true,
            "is_true": false
        },
        {
            "anchor": 1732,
            "neigh": [
                1732,
                1358,
                1229,
                1547,
                1235,
                1133,
                869,
                2475
            ],
            "score": 0.012,
            "freq": 0.012,
            "weight": 0.0029542097488921715,
            "original": true,
            "is_true": true
        },
        {
            "anchor": 2440,
            "neigh": [
                2440,
                1229,
                657,
                867,
                871,
                2442,
                2530,
                2439
            ],
            "score": 0.0092,
            "freq": 0.0092,
            "weight": 0.0029542097488921715,
            "original": true,
            "is_true": false
        },
        {
            "anchor": 253,
            "neigh": [
                253,
                1413,
                507,
                251,
                1933,
                812,
                1300,
                1542
            ],
            "score": 0.0082,
            "freq": 0.0082,
            "weight": 0.0029542097488921715,
            "original": true,
            "is_true": false
        }
    ]
}