{
    "stats": {
        "stat_results": {
            "accuracy": 0.9874446085672083,
            "recall": 0.9428571428571428,
            "precision": 0.6875,
            "f1": 0.7951807228915663,
            "auroc": 0.960692624282465,
            "ap": 0.5689822877208344,
            "tp": 66,
            "tn": 2608,
            "fp": 30,
            "fn": 4,
            "true_pred_nodes": [
                2307,
                1540,
                2056,
                1035,
                1547,
                781,
                1818,
                539,
                1053,
                2078,
                1310,
                287,
                1570,
                1573,
                294,
                2600,
                50,
                311,
                572,
                1854,
                2624,
                833,
                1090,
                2121,
                843,
                76,
                2386,
                1362,
                1623,
                2654,
                869,
                874,
                1901,
                1135,
                1391,
                124,
                127,
                641,
                1674,
                143,
                1426,
                915,
                660,
                2198,
                151,
                674,
                170,
                938,
                2475,
                2479,
                181,
                1206,
                438,
                451,
                1732,
                1224,
                459,
                1229,
                1235,
                980,
                214,
                2518,
                738,
                1014,
                1783,
                1533
            ],
            "optimal_threshold": 0.012900000000000023,
            "roc_curve": {
                "fpr": [
                    0.0,
                    0.002274450341167551,
                    0.00265352539802881,
                    0.003411675511751327,
                    0.0037907505686125853,
                    0.004548900682335102,
                    0.00530705079605762,
                    0.006065200909780136,
                    0.006444275966641395,
                    0.00796057619408643,
                    0.008339651250947688,
                    0.009476876421531463,
                    0.009855951478392721,
                    0.01061410159211524,
                    0.010993176648976498,
                    0.010993176648976498,
                    0.010993176648976498,
                    0.011372251705837756,
                    0.011372251705837756,
                    1.0
                ],
                "tpr": [
                    0.0,
                    0.0,
                    0.0,
                    0.02857142857142857,
                    0.02857142857142857,
                    0.02857142857142857,
                    0.02857142857142857,
                    0.02857142857142857,
                    0.02857142857142857,
                    0.02857142857142857,
                    0.02857142857142857,
                    0.02857142857142857,
                    0.04285714285714286,
                    0.04285714285714286,
                    0.05714285714285714,
                    0.07142857142857142,
                    0.15714285714285714,
                    0.17142857142857143,
                    0.9428571428571428,
                    1.0
                ],
                "thresholds": [
                    Infinity,
                    0.998,
                    0.9975,
                    0.9966,
                    0.996,
                    0.9941,
                    0.9929,
                    0.9928,
                    0.9922,
                    0.9918,
                    0.9908,
                    0.9905,
                    0.9901,
                    0.989,
                    0.9886,
                    0.988,
                    0.9878,
                    0.9872,
                    0.9871,
                    0.0
                ]
            }
        },
        "predicted_anomalies_len": 4,
        "batch_number": 10,
        "batch_time": "0:00:09.641797",
        "total_time": "0:01:25.965821",
        "cumulative_verified": 96,
        "copied_pending": 119
    },
    "anomalies": [
        {
            "anchor": 124,
            "neigh": [
                124,
                451,
                1229,
                869,
                1547,
                2475,
                572
            ],
            "score": 0.0129,
            "freq": 0.0129,
            "weight": 0.00258493353028065,
            "original": true,
            "is_true": true
        },
        {
            "anchor": 451,
            "neigh": [
                451,
                1229,
                1732,
                869,
                1547,
                2475,
                572
            ],
            "score": 0.0129,
            "freq": 0.0129,
            "weight": 0.00258493353028065,
            "original": true,
            "is_true": true
        },
        {
            "anchor": 127,
            "neigh": [
                127,
                641,
                2078,
                214,
                2600,
                170,
                50
            ],
            "score": 0.0129,
            "freq": 0.0129,
            "weight": 0.00258493353028065,
            "original": true,
            "is_true": true
        },
        {
            "anchor": 1689,
            "neigh": [
                1689,
                155,
                156,
                1358,
                1763,
                90,
                817,
                1736
            ],
            "score": 0.0078,
            "freq": 0.0078,
            "weight": 0.0029542097488921715,
            "original": true,
            "is_true": false
        }
    ]
}