{
    "stats": {
        "stat_results": {
            "accuracy": 0.9844903988183161,
            "recall": 0.7857142857142857,
            "precision": 0.6707317073170732,
            "f1": 0.7236842105263158,
            "auroc": 0.883892017762374,
            "ap": 0.4611555899942872,
            "tp": 55,
            "tn": 2611,
            "fp": 27,
            "fn": 15,
            "true_pred_nodes": [
                2307,
                1540,
                2056,
                1035,
                781,
                1818,
                539,
                1053,
                2078,
                1310,
                287,
                1570,
                1573,
                294,
                2600,
                50,
                311,
                2624,
                833,
                1090,
                2121,
                843,
                76,
                2386,
                1362,
                1623,
                2654,
                874,
                1901,
                1135,
                1391,
                641,
                143,
                1426,
                915,
                660,
                2198,
                151,
                674,
                170,
                938,
                2479,
                181,
                1206,
                438,
                1732,
                1224,
                459,
                1229,
                980,
                214,
                738,
                1014,
                1783,
                1533
            ],
            "optimal_threshold": 0.012900000000000023,
            "roc_curve": {
                "fpr": [
                    0.0,
                    0.002274450341167551,
                    0.00265352539802881,
                    0.003032600454890068,
                    0.003411675511751327,
                    0.004169825625473844,
                    0.004927975739196361,
                    0.005686125852918878,
                    0.007202426080363912,
                    0.0075815011372251705,
                    0.008718726307808946,
                    0.009097801364670205,
                    0.009476876421531463,
                    0.009855951478392721,
                    0.009855951478392721,
                    0.009855951478392721,
                    0.01023502653525398,
                    0.01023502653525398,
                    1.0
                ],
                "tpr": [
                    0.0,
                    0.0,
                    0.0,
                    0.014285714285714285,
                    0.014285714285714285,
                    0.014285714285714285,
                    0.014285714285714285,
                    0.014285714285714285,
                    0.014285714285714285,
                    0.014285714285714285,
                    0.014285714285714285,
                    0.02857142857142857,
                    0.02857142857142857,
                    0.04285714285714286,
                    0.05714285714285714,
                    0.14285714285714285,
                    0.15714285714285714,
                    0.7857142857142857,
                    1.0
                ],
                "thresholds": [
                    Infinity,
                    0.998,
                    0.9975,
                    0.9967,
                    0.996,
                    0.9941,
                    0.9929,
                    0.9928,
                    0.9918,
                    0.9908,
                    0.9905,
                    0.9901,
                    0.989,
                    0.9886,
                    0.988,
                    0.9878,
                    0.9872,
                    0.9871,
                    0.0
                ]
            }
        },
        "predicted_anomalies_len": 4,
        "batch_number": 8,
        "batch_time": "0:00:08.722934",
        "total_time": "0:01:08.736404",
        "cumulative_verified": 82,
        "copied_pending": 108
    },
    "anomalies": [
        {
            "anchor": 1391,
            "neigh": [
                1391,
                833,
                1674,
                1135,
                915,
                2307,
                1035
            ],
            "score": 0.0129,
            "freq": 0.0129,
            "weight": 0.00258493353028065,
            "original": true,
            "is_true": true
        },
        {
            "anchor": 938,
            "neigh": [
                938,
                843,
                1362,
                980,
                2198,
                151,
                287
            ],
            "score": 0.0129,
            "freq": 0.0129,
            "weight": 0.00258493353028065,
            "original": true,
            "is_true": true
        },
        {
            "anchor": 562,
            "neigh": [
                562,
                704,
                1483,
                2450,
                1735,
                1412,
                969,
                1743
            ],
            "score": 0.002,
            "freq": 0.002,
            "weight": 0.0029542097488921715,
            "original": true,
            "is_true": false
        },
        {
            "anchor": 2439,
            "neigh": [
                2439,
                2530,
                867,
                1229,
                2652,
                871,
                2440,
                657
            ],
            "score": 0.0114,
            "freq": 0.0114,
            "weight": 0.0029542097488921715,
            "original": true,
            "is_true": false
        }
    ]
}