{
    "stats": {
        "stat_results": {
            "accuracy": 0.982274741506647,
            "recall": 0.9571428571428572,
            "precision": 0.5982142857142857,
            "f1": 0.7362637362637363,
            "auroc": 0.9623795082854978,
            "ap": 0.4992155222213692,
            "tp": 67,
            "tn": 2593,
            "fp": 45,
            "fn": 3,
            "true_pred_nodes": [
                2307,
                1540,
                2056,
                1035,
                1547,
                781,
                1818,
                539,
                1053,
                2078,
                1310,
                287,
                1570,
                1573,
                294,
                2600,
                50,
                311,
                572,
                1854,
                2624,
                833,
                1090,
                2121,
                843,
                76,
                2386,
                1362,
                1623,
                2654,
                869,
                874,
                1901,
                1135,
                1391,
                124,
                127,
                641,
                1674,
                143,
                1426,
                915,
                660,
                2198,
                151,
                674,
                170,
                938,
                2475,
                2479,
                181,
                1206,
                438,
                451,
                1732,
                1224,
                459,
                1229,
                2506,
                1235,
                980,
                214,
                2518,
                738,
                1014,
                1783,
                1533
            ],
            "optimal_threshold": 0.012900000000000023,
            "roc_curve": {
                "fpr": [
                    0.0,
                    0.002274450341167551,
                    0.00265352539802881,
                    0.003411675511751327,
                    0.0037907505686125853,
                    0.005686125852918878,
                    0.006444275966641395,
                    0.007202426080363912,
                    0.00796057619408643,
                    0.008339651250947688,
                    0.009855951478392721,
                    0.012130401819560273,
                    0.013267626990144048,
                    0.013646702047005308,
                    0.0155420773313116,
                    0.016300227445034118,
                    0.016679302501895376,
                    0.016679302501895376,
                    0.016679302501895376,
                    0.017058377558756634,
                    0.017058377558756634,
                    1.0
                ],
                "tpr": [
                    0.0,
                    0.0,
                    0.0,
                    0.02857142857142857,
                    0.02857142857142857,
                    0.02857142857142857,
                    0.02857142857142857,
                    0.02857142857142857,
                    0.02857142857142857,
                    0.02857142857142857,
                    0.02857142857142857,
                    0.02857142857142857,
                    0.02857142857142857,
                    0.04285714285714286,
                    0.04285714285714286,
                    0.04285714285714286,
                    0.05714285714285714,
                    0.07142857142857142,
                    0.15714285714285714,
                    0.17142857142857143,
                    0.9571428571428572,
                    1.0
                ],
                "thresholds": [
                    Infinity,
                    0.998,
                    0.9975,
                    0.9966,
                    0.996,
                    0.9953,
                    0.9941,
                    0.9929,
                    0.9928,
                    0.9922,
                    0.9918,
                    0.9908,
                    0.9905,
                    0.9901,
                    0.9896,
                    0.989,
                    0.9886,
                    0.988,
                    0.9878,
                    0.9872,
                    0.9871,
                    0.0
                ]
            }
        },
        "predicted_anomalies_len": 5,
        "batch_number": 11,
        "batch_time": "0:00:10.221568",
        "total_time": "0:01:36.187389",
        "cumulative_verified": 112,
        "copied_pending": 114
    },
    "anomalies": [
        {
            "anchor": 395,
            "neigh": [
                395,
                640,
                1147,
                2367,
                1090,
                1598,
                765
            ],
            "score": 0.0104,
            "freq": 0.0104,
            "weight": 0.00258493353028065,
            "original": true,
            "is_true": false
        },
        {
            "anchor": 2506,
            "neigh": [
                2506,
                1623,
                311,
                874,
                738,
                1053,
                459
            ],
            "score": 0.0129,
            "freq": 0.0129,
            "weight": 0.00258493353028065,
            "original": true,
            "is_true": true
        },
        {
            "anchor": 765,
            "neigh": [
                765,
                640,
                1147,
                2367,
                1090,
                1598,
                395
            ],
            "score": 0.0104,
            "freq": 0.0104,
            "weight": 0.00258493353028065,
            "original": true,
            "is_true": false
        },
        {
            "anchor": 368,
            "neigh": [
                368,
                996,
                428,
                1257,
                2248,
                2249,
                2518,
                2671
            ],
            "score": 0.0047,
            "freq": 0.0047,
            "weight": 0.0029542097488921715,
            "original": true,
            "is_true": false
        },
        {
            "anchor": 2442,
            "neigh": [
                2442,
                657,
                867,
                1229,
                2440,
                871,
                2530,
                2439
            ],
            "score": 0.0092,
            "freq": 0.0092,
            "weight": 0.0029542097488921715,
            "original": true,
            "is_true": false
        }
    ]
}