{
    "stats": {
        "stat_results": {
            "accuracy": 0.975258493353028,
            "recall": 0.07142857142857142,
            "precision": 0.7142857142857143,
            "f1": 0.12987012987012986,
            "auroc": 0.5353081338676486,
            "ap": 0.0695811855022659,
            "tp": 5,
            "tn": 2636,
            "fp": 2,
            "fn": 65,
            "true_pred_nodes": [
                915,
                151,
                2600,
                2056,
                1533
            ],
            "optimal_threshold": 0.012900000000000023,
            "roc_curve": {
                "fpr": [
                    0.0,
                    0.0003790750568612585,
                    0.000758150113722517,
                    0.000758150113722517,
                    0.000758150113722517,
                    1.0
                ],
                "tpr": [
                    0.0,
                    0.0,
                    0.0,
                    0.014285714285714285,
                    0.07142857142857142,
                    1.0
                ],
                "thresholds": [
                    Infinity,
                    0.9975,
                    0.9901,
                    0.9878,
                    0.9871,
                    0.0
                ]
            }
        },
        "predicted_anomalies_len": 7,
        "batch_number": 1,
        "batch_time": "0:00:09.911096",
        "total_time": "0:00:09.911096",
        "cumulative_verified": 7,
        "copied_pending": 43
    },
    "anomalies": [
        {
            "anchor": 915,
            "neigh": [
                915,
                1224,
                833,
                1573,
                2307,
                1035,
                1135
            ],
            "score": 0.0129,
            "freq": 0.0129,
            "weight": 0.00258493353028065,
            "original": true,
            "is_true": true
        },
        {
            "anchor": 2600,
            "neigh": [
                2600,
                1854,
                641,
                2078,
                170,
                50,
                214
            ],
            "score": 0.0129,
            "freq": 0.0129,
            "weight": 0.00258493353028065,
            "original": true,
            "is_true": true
        },
        {
            "anchor": 1525,
            "neigh": [
                1525,
                1224,
                1370,
                778,
                779,
                1919,
                1914
            ],
            "score": 0.0025,
            "freq": 0.0025,
            "weight": 0.00258493353028065,
            "original": true,
            "is_true": false
        },
        {
            "anchor": 1533,
            "neigh": [
                1533,
                1818,
                2624,
                1540,
                76,
                660,
                1310
            ],
            "score": 0.0129,
            "freq": 0.0129,
            "weight": 0.00258493353028065,
            "original": true,
            "is_true": true
        },
        {
            "anchor": 2056,
            "neigh": [
                2056,
                738,
                1623,
                874,
                1053,
                311,
                2386
            ],
            "score": 0.0129,
            "freq": 0.0129,
            "weight": 0.00258493353028065,
            "original": true,
            "is_true": true
        },
        {
            "anchor": 138,
            "neigh": [
                138,
                306,
                236,
                109,
                2045,
                153,
                126,
                2046
            ],
            "score": 0.0099,
            "freq": 0.0099,
            "weight": 0.0029542097488921715,
            "original": true,
            "is_true": false
        },
        {
            "anchor": 151,
            "neigh": [
                151,
                1986,
                1362,
                2518,
                1901,
                287,
                294,
                843
            ],
            "score": 0.0122,
            "freq": 0.0122,
            "weight": 0.0029542097488921715,
            "original": true,
            "is_true": true
        }
    ]
}