{
    "stats": {
        "stat_results": {
            "accuracy": 0.9855982274741507,
            "recall": 0.7285714285714285,
            "precision": 0.7183098591549296,
            "f1": 0.723404255319149,
            "auroc": 0.8578874688616918,
            "ap": 0.4681920475386737,
            "tp": 51,
            "tn": 2618,
            "fp": 20,
            "fn": 19,
            "true_pred_nodes": [
                2307,
                1540,
                2056,
                1035,
                781,
                1818,
                539,
                1053,
                2078,
                1310,
                287,
                1570,
                1573,
                294,
                2600,
                50,
                311,
                2624,
                833,
                1090,
                2121,
                843,
                76,
                2386,
                1362,
                1623,
                2654,
                874,
                1901,
                1135,
                641,
                143,
                1426,
                915,
                660,
                151,
                674,
                170,
                2479,
                181,
                1206,
                438,
                1732,
                1224,
                459,
                980,
                214,
                738,
                1014,
                1783,
                1533
            ],
            "optimal_threshold": 0.012900000000000023,
            "roc_curve": {
                "fpr": [
                    0.0,
                    0.0003790750568612585,
                    0.000758150113722517,
                    0.0011372251705837756,
                    0.0018953752843062926,
                    0.00265352539802881,
                    0.003411675511751327,
                    0.004927975739196361,
                    0.00530705079605762,
                    0.006444275966641395,
                    0.006823351023502654,
                    0.007202426080363912,
                    0.007202426080363912,
                    0.007202426080363912,
                    0.0075815011372251705,
                    0.0075815011372251705,
                    1.0
                ],
                "tpr": [
                    0.0,
                    0.0,
                    0.014285714285714285,
                    0.014285714285714285,
                    0.014285714285714285,
                    0.014285714285714285,
                    0.014285714285714285,
                    0.014285714285714285,
                    0.014285714285714285,
                    0.014285714285714285,
                    0.02857142857142857,
                    0.02857142857142857,
                    0.04285714285714286,
                    0.12857142857142856,
                    0.14285714285714285,
                    0.7285714285714285,
                    1.0
                ],
                "thresholds": [
                    Infinity,
                    0.9975,
                    0.9967,
                    0.996,
                    0.9941,
                    0.9929,
                    0.9928,
                    0.9918,
                    0.9908,
                    0.9905,
                    0.9901,
                    0.989,
                    0.988,
                    0.9878,
                    0.9872,
                    0.9871,
                    0.0
                ]
            }
        },
        "predicted_anomalies_len": 5,
        "batch_number": 7,
        "batch_time": "0:00:09.161677",
        "total_time": "0:01:00.013470",
        "cumulative_verified": 71,
        "copied_pending": 108
    },
    "anomalies": [
        {
            "anchor": 1035,
            "neigh": [
                1035,
                1224,
                2307,
                915,
                1573,
                833,
                1135
            ],
            "score": 0.0129,
            "freq": 0.0129,
            "weight": 0.00258493353028065,
            "original": true,
            "is_true": true
        },
        {
            "anchor": 1767,
            "neigh": [
                1767,
                1623,
                1783,
                2056,
                874,
                1053,
                311
            ],
            "score": 0.0059,
            "freq": 0.0059,
            "weight": 0.00258493353028065,
            "original": true,
            "is_true": false
        },
        {
            "anchor": 2479,
            "neigh": [
                2479,
                674,
                781,
                143,
                181,
                539,
                1014
            ],
            "score": 0.0129,
            "freq": 0.0129,
            "weight": 0.00258493353028065,
            "original": true,
            "is_true": true
        },
        {
            "anchor": 1720,
            "neigh": [
                1720,
                1358,
                1169,
                1765,
                1040,
                823,
                1719,
                1317
            ],
            "score": 0.0072,
            "freq": 0.0072,
            "weight": 0.0029542097488921715,
            "original": true,
            "is_true": false
        },
        {
            "anchor": 1426,
            "neigh": [
                1426,
                480,
                660,
                76,
                2624,
                1090,
                1540,
                1310
            ],
            "score": 0.0122,
            "freq": 0.0122,
            "weight": 0.0029542097488921715,
            "original": true,
            "is_true": true
        }
    ]
}