{
    "stats": {
        "stat_results": {
            "accuracy": 0.981536189069424,
            "recall": 0.44285714285714284,
            "precision": 0.7380952380952381,
            "f1": 0.5535714285714286,
            "auroc": 0.7184799090219863,
            "ap": 0.3023836319362802,
            "tp": 31,
            "tn": 2627,
            "fp": 11,
            "fn": 39,
            "true_pred_nodes": [
                1540,
                2056,
                1818,
                1053,
                2078,
                1310,
                287,
                1570,
                2600,
                50,
                311,
                2624,
                1090,
                2121,
                76,
                2386,
                1623,
                2654,
                874,
                641,
                915,
                660,
                151,
                674,
                170,
                1206,
                459,
                214,
                738,
                1783,
                1533
            ],
            "optimal_threshold": 0.012900000000000023,
            "roc_curve": {
                "fpr": [
                    0.0,
                    0.0003790750568612585,
                    0.000758150113722517,
                    0.002274450341167551,
                    0.003411675511751327,
                    0.0037907505686125853,
                    0.004169825625473844,
                    0.004169825625473844,
                    0.004169825625473844,
                    1.0
                ],
                "tpr": [
                    0.0,
                    0.0,
                    0.014285714285714285,
                    0.014285714285714285,
                    0.014285714285714285,
                    0.02857142857142857,
                    0.02857142857142857,
                    0.1,
                    0.44285714285714284,
                    1.0
                ],
                "thresholds": [
                    Infinity,
                    0.9975,
                    0.9967,
                    0.9929,
                    0.9905,
                    0.9901,
                    0.989,
                    0.9878,
                    0.9871,
                    0.0
                ]
            }
        },
        "predicted_anomalies_len": 4,
        "batch_number": 5,
        "batch_time": "0:00:07.288622",
        "total_time": "0:00:40.574005",
        "cumulative_verified": 42,
        "copied_pending": 81
    },
    "anomalies": [
        {
            "anchor": 2386,
            "neigh": [
                2386,
                1623,
                2056,
                459,
                1053,
                738,
                874
            ],
            "score": 0.0129,
            "freq": 0.0129,
            "weight": 0.00258493353028065,
            "original": true,
            "is_true": true
        },
        {
            "anchor": 874,
            "neigh": [
                874,
                1623,
                2056,
                459,
                1053,
                738,
                2386
            ],
            "score": 0.0129,
            "freq": 0.0129,
            "weight": 0.00258493353028065,
            "original": true,
            "is_true": true
        },
        {
            "anchor": 311,
            "neigh": [
                311,
                1623,
                2056,
                459,
                1053,
                738,
                874
            ],
            "score": 0.0129,
            "freq": 0.0129,
            "weight": 0.00258493353028065,
            "original": true,
            "is_true": true
        },
        {
            "anchor": 1127,
            "neigh": [
                1127,
                1986,
                745,
                553,
                1583,
                366,
                1995,
                2009
            ],
            "score": 0.0095,
            "freq": 0.0095,
            "weight": 0.0029542097488921715,
            "original": true,
            "is_true": false
        }
    ]
}