{
    "stats": {
        "stat_results": {
            "accuracy": 0.9796898079763663,
            "recall": 0.34285714285714286,
            "precision": 0.7272727272727273,
            "f1": 0.46601941747572817,
            "auroc": 0.6691866132351348,
            "ap": 0.23247913029855424,
            "tp": 24,
            "tn": 2629,
            "fp": 9,
            "fn": 46,
            "true_pred_nodes": [
                641,
                2624,
                1090,
                1540,
                2056,
                2121,
                76,
                915,
                660,
                214,
                151,
                1818,
                2078,
                2654,
                1310,
                287,
                674,
                1570,
                2600,
                170,
                50,
                1783,
                1206,
                1533
            ],
            "optimal_threshold": 0.012900000000000023,
            "roc_curve": {
                "fpr": [
                    0.0,
                    0.0003790750568612585,
                    0.000758150113722517,
                    0.00265352539802881,
                    0.003032600454890068,
                    0.003411675511751327,
                    0.003411675511751327,
                    0.003411675511751327,
                    1.0
                ],
                "tpr": [
                    0.0,
                    0.0,
                    0.014285714285714285,
                    0.014285714285714285,
                    0.02857142857142857,
                    0.02857142857142857,
                    0.1,
                    0.34285714285714286,
                    1.0
                ],
                "thresholds": [
                    Infinity,
                    0.9975,
                    0.9967,
                    0.9905,
                    0.9901,
                    0.989,
                    0.9878,
                    0.9871,
                    0.0
                ]
            }
        },
        "predicted_anomalies_len": 4,
        "batch_number": 4,
        "batch_time": "0:00:08.371115",
        "total_time": "0:00:33.285383",
        "cumulative_verified": 33,
        "copied_pending": 86
    },
    "anomalies": [
        {
            "anchor": 287,
            "neigh": [
                287,
                294,
                151,
                2518,
                843,
                1362,
                980
            ],
            "score": 0.0129,
            "freq": 0.0129,
            "weight": 0.00258493353028065,
            "original": true,
            "is_true": true
        },
        {
            "anchor": 1206,
            "neigh": [
                1206,
                641,
                170,
                2078,
                2600,
                50,
                214
            ],
            "score": 0.0129,
            "freq": 0.0129,
            "weight": 0.00258493353028065,
            "original": true,
            "is_true": true
        },
        {
            "anchor": 969,
            "neigh": [
                969,
                704,
                1483,
                1743,
                2450,
                2113,
                389,
                1412
            ],
            "score": 0.0059,
            "freq": 0.0059,
            "weight": 0.0029542097488921715,
            "original": true,
            "is_true": false
        },
        {
            "anchor": 366,
            "neigh": [
                366,
                1986,
                745,
                553,
                1583,
                1127,
                1995,
                160
            ],
            "score": 0.0095,
            "freq": 0.0095,
            "weight": 0.0029542097488921715,
            "original": true,
            "is_true": false
        }
    ]
}