{
    "stats": {
        "stat_results": {
            "accuracy": 0.9867060561299852,
            "recall": 0.9,
            "precision": 0.6847826086956522,
            "f1": 0.7777777777777778,
            "auroc": 0.9398570345499837,
            "ap": 0.539520518733174,
            "tp": 63,
            "tn": 2609,
            "fp": 29,
            "fn": 7,
            "true_pred_nodes": [
                2307,
                1540,
                2056,
                1035,
                1547,
                781,
                1818,
                539,
                1053,
                2078,
                1310,
                287,
                1570,
                1573,
                294,
                2600,
                50,
                311,
                572,
                1854,
                2624,
                833,
                1090,
                2121,
                843,
                76,
                2386,
                1362,
                1623,
                2654,
                869,
                874,
                1901,
                1135,
                1391,
                641,
                1674,
                143,
                1426,
                915,
                660,
                2198,
                151,
                674,
                170,
                938,
                2475,
                2479,
                181,
                1206,
                438,
                1732,
                1224,
                459,
                1229,
                1235,
                980,
                214,
                2518,
                738,
                1014,
                1783,
                1533
            ],
            "optimal_threshold": 0.012900000000000023,
            "roc_curve": {
                "fpr": [
                    0.0,
                    0.002274450341167551,
                    0.00265352539802881,
                    0.003411675511751327,
                    0.0037907505686125853,
                    0.004548900682335102,
                    0.00530705079605762,
                    0.006065200909780136,
                    0.0075815011372251705,
                    0.00796057619408643,
                    0.009097801364670205,
                    0.009476876421531463,
                    0.01023502653525398,
                    0.01061410159211524,
                    0.01061410159211524,
                    0.01061410159211524,
                    0.010993176648976498,
                    0.010993176648976498,
                    1.0
                ],
                "tpr": [
                    0.0,
                    0.0,
                    0.0,
                    0.02857142857142857,
                    0.02857142857142857,
                    0.02857142857142857,
                    0.02857142857142857,
                    0.02857142857142857,
                    0.02857142857142857,
                    0.02857142857142857,
                    0.02857142857142857,
                    0.04285714285714286,
                    0.04285714285714286,
                    0.05714285714285714,
                    0.07142857142857142,
                    0.15714285714285714,
                    0.17142857142857143,
                    0.9,
                    1.0
                ],
                "thresholds": [
                    Infinity,
                    0.998,
                    0.9975,
                    0.9966,
                    0.996,
                    0.9941,
                    0.9929,
                    0.9928,
                    0.9918,
                    0.9908,
                    0.9905,
                    0.9901,
                    0.989,
                    0.9886,
                    0.988,
                    0.9878,
                    0.9872,
                    0.9871,
                    0.0
                ]
            }
        },
        "predicted_anomalies_len": 6,
        "batch_number": 9,
        "batch_time": "0:00:07.587620",
        "total_time": "0:01:16.324024",
        "cumulative_verified": 92,
        "copied_pending": 112
    },
    "anomalies": [
        {
            "anchor": 1854,
            "neigh": [
                1854,
                641,
                2600,
                50,
                170,
                214,
                2078
            ],
            "score": 0.0129,
            "freq": 0.0129,
            "weight": 0.00258493353028065,
            "original": true,
            "is_true": true
        },
        {
            "anchor": 1674,
            "neigh": [
                1674,
                833,
                2307,
                1035,
                915,
                1135,
                1573
            ],
            "score": 0.0129,
            "freq": 0.0129,
            "weight": 0.00258493353028065,
            "original": true,
            "is_true": true
        },
        {
            "anchor": 875,
            "neigh": [
                875,
                310,
                1950,
                1945,
                1946,
                1944,
                1947
            ],
            "score": 0.011,
            "freq": 0.011,
            "weight": 0.00258493353028065,
            "original": true,
            "is_true": false
        },
        {
            "anchor": 572,
            "neigh": [
                572,
                1229,
                1547,
                124,
                1732,
                869,
                2475
            ],
            "score": 0.0129,
            "freq": 0.0129,
            "weight": 0.00258493353028065,
            "original": true,
            "is_true": true
        },
        {
            "anchor": 1235,
            "neigh": [
                1235,
                1229,
                1547,
                124,
                1732,
                869,
                2475
            ],
            "score": 0.0129,
            "freq": 0.0129,
            "weight": 0.00258493353028065,
            "original": true,
            "is_true": true
        },
        {
            "anchor": 2249,
            "neigh": [
                2249,
                2248,
                1257,
                2671,
                2518,
                1135,
                1071,
                996
            ],
            "score": 0.0034,
            "freq": 0.0034,
            "weight": 0.0029542097488921715,
            "original": true,
            "is_true": false
        }
    ]
}