{
    "stats": {
        "stat_results": {
            "accuracy": 0.9763663220088626,
            "recall": 0.12857142857142856,
            "precision": 0.75,
            "f1": 0.21951219512195122,
            "auroc": 0.5636467020470053,
            "ap": 0.1068115636210171,
            "tp": 9,
            "tn": 2635,
            "fp": 3,
            "fn": 61,
            "true_pred_nodes": [
                1540,
                2600,
                2056,
                2121,
                1783,
                915,
                151,
                1533,
                2078
            ],
            "optimal_threshold": 0.012900000000000023,
            "roc_curve": {
                "fpr": [
                    0.0,
                    0.0003790750568612585,
                    0.000758150113722517,
                    0.0011372251705837756,
                    0.0011372251705837756,
                    0.0011372251705837756,
                    1.0
                ],
                "tpr": [
                    0.0,
                    0.0,
                    0.0,
                    0.014285714285714285,
                    0.02857142857142857,
                    0.12857142857142856,
                    1.0
                ],
                "thresholds": [
                    Infinity,
                    0.9975,
                    0.9931,
                    0.9901,
                    0.9878,
                    0.9871,
                    0.0
                ]
            }
        },
        "predicted_anomalies_len": 5,
        "batch_number": 2,
        "batch_time": "0:00:06.968135",
        "total_time": "0:00:16.879231",
        "cumulative_verified": 12,
        "copied_pending": 58
    },
    "anomalies": [
        {
            "anchor": 1540,
            "neigh": [
                1540,
                2624,
                76,
                660,
                1090,
                1426,
                1310
            ],
            "score": 0.0129,
            "freq": 0.0129,
            "weight": 0.00258493353028065,
            "original": true,
            "is_true": true
        },
        {
            "anchor": 1783,
            "neigh": [
                1783,
                1053,
                1623,
                311,
                2056,
                874,
                2386
            ],
            "score": 0.0129,
            "freq": 0.0129,
            "weight": 0.00258493353028065,
            "original": true,
            "is_true": true
        },
        {
            "anchor": 2121,
            "neigh": [
                2121,
                781,
                181,
                2126,
                143,
                539,
                1014
            ],
            "score": 0.0129,
            "freq": 0.0129,
            "weight": 0.00258493353028065,
            "original": true,
            "is_true": true
        },
        {
            "anchor": 1931,
            "neigh": [
                1931,
                507,
                1413,
                1542,
                812,
                251,
                1300
            ],
            "score": 0.0069,
            "freq": 0.0069,
            "weight": 0.00258493353028065,
            "original": true,
            "is_true": false
        },
        {
            "anchor": 2078,
            "neigh": [
                2078,
                306,
                236,
                2045,
                109,
                153,
                2046,
                126
            ],
            "score": 0.0099,
            "freq": 0.0099,
            "weight": 0.0029542097488921715,
            "original": true,
            "is_true": true
        }
    ]
}