{
    "dataset": "inj_cora",
    "stat_results": {
        "accuracy": 0.9209748892171344,
        "recall": 1.0,
        "precision": 0.24647887323943662,
        "f1": 0.3954802259887006,
        "auroc": 0.9700476551500055,
        "ap": 0.3064930104294362,
        "tp": 70,
        "tn": 2424,
        "fp": 214,
        "fn": 0,
        "true_pred_nodes": [
            2056,
            1035,
            1053,
            2078,
            2089,
            50,
            1090,
            2121,
            76,
            2126,
            1133,
            1135,
            124,
            127,
            143,
            2198,
            151,
            170,
            181,
            1206,
            1224,
            1229,
            1235,
            214,
            2307,
            1310,
            287,
            294,
            311,
            1362,
            2386,
            1391,
            1426,
            2475,
            2479,
            438,
            451,
            2506,
            459,
            2518,
            1533,
            1540,
            1547,
            539,
            1570,
            1573,
            2600,
            572,
            2624,
            1623,
            2654,
            641,
            1674,
            660,
            674,
            1732,
            738,
            1783,
            781,
            1818,
            1854,
            833,
            843,
            869,
            874,
            1901,
            915,
            938,
            980,
            1014
        ],
        "optimal_threshold": 0.005499999999999949,
        "roc_curve": {
            "fpr": [
                0.0,
                0.04435178165276725,
                0.04700530705079606,
                0.047763457164518575,
                0.047763457164518575,
                0.047763457164518575,
                0.04814253222137983,
                0.04814253222137983,
                0.04890068233510235,
                0.04927975739196361,
                0.04927975739196361,
                0.049658832448824866,
                0.0511751326762699,
                0.05344958301743745,
                0.05344958301743745,
                0.05420773313115997,
                0.05534495830174375,
                0.055724033358605006,
                0.055724033358605006,
                0.05648218347232752,
                0.05686125852918878,
                0.057998483699772556,
                0.05951478392721759,
                0.05989385898407885,
                0.05989385898407885,
                0.060652009097801364,
                0.06103108415466262,
                0.0621683093252464,
                0.06292645943896892,
                0.06444275966641395,
                0.06520090978013647,
                0.06709628506444276,
                0.06785443517816528,
                0.06899166034874905,
                0.07050796057619409,
                0.07164518574677786,
                0.07240333586050038,
                0.07619408642911296,
                0.077710386656558,
                0.07884761182714177,
                0.08074298711144806,
                0.08112206216830932,
                1.0
            ],
            "tpr": [
                0.0,
                0.7285714285714285,
                0.7285714285714285,
                0.7571428571428571,
                0.8,
                0.8142857142857143,
                0.8142857142857143,
                0.8428571428571429,
                0.8428571428571429,
                0.9,
                0.9142857142857143,
                0.9142857142857143,
                0.9142857142857143,
                0.9142857142857143,
                0.9285714285714286,
                0.9285714285714286,
                0.9285714285714286,
                0.9428571428571428,
                0.9571428571428572,
                0.9571428571428572,
                0.9857142857142858,
                0.9857142857142858,
                0.9857142857142858,
                0.9857142857142858,
                1.0,
                1.0,
                1.0,
                1.0,
                1.0,
                1.0,
                1.0,
                1.0,
                1.0,
                1.0,
                1.0,
                1.0,
                1.0,
                1.0,
                1.0,
                1.0,
                1.0,
                1.0,
                1.0
            ],
            "thresholds": [
                Infinity,
                1.0,
                0.9989,
                0.9986,
                0.9984,
                0.9982,
                0.9981,
                0.998,
                0.9978,
                0.9976,
                0.9975,
                0.9974,
                0.9972,
                0.997,
                0.9966,
                0.9963,
                0.996,
                0.9955,
                0.9954,
                0.9951,
                0.995,
                0.9949,
                0.9948,
                0.9946,
                0.9945,
                0.9944,
                0.9943,
                0.9942,
                0.9941,
                0.9939,
                0.9938,
                0.9937,
                0.9935,
                0.9934,
                0.9933,
                0.9932,
                0.9931,
                0.9929,
                0.9927,
                0.9925,
                0.9924,
                0.9923,
                0.0
            ]
        }
    },
    "verified_count": 284,
    "starting_nodes_count": 951,
    "total_time": "0:02:10.218962"
}