{
    "stats": {
        "stat_results": {
            "accuracy": 0.9867060561299852,
            "recall": 0.7857142857142857,
            "precision": 0.7236842105263158,
            "f1": 0.7534246575342466,
            "auroc": 0.8857928084046355,
            "ap": 0.5185285974340405,
            "tp": 55,
            "tn": 2617,
            "fp": 21,
            "fn": 15,
            "true_pred_nodes": [
                2307,
                1540,
                2056,
                1674,
                1547,
                143,
                1426,
                915,
                660,
                2198,
                1818,
                539,
                1053,
                2078,
                287,
                1310,
                674,
                1570,
                1573,
                294,
                2600,
                2089,
                170,
                938,
                2479,
                50,
                181,
                438,
                1206,
                311,
                572,
                1854,
                2624,
                833,
                1090,
                451,
                1732,
                459,
                843,
                1229,
                76,
                2506,
                2386,
                1235,
                980,
                1362,
                214,
                738,
                869,
                874,
                1391,
                1014,
                1783,
                1533,
                127
            ],
            "optimal_threshold": 0.012900000000000023,
            "roc_curve": {
                "fpr": [
                    0.0,
                    0.0003790750568612585,
                    0.001516300227445034,
                    0.002274450341167551,
                    0.003411675511751327,
                    0.004927975739196361,
                    0.00530705079605762,
                    0.006823351023502654,
                    0.0075815011372251705,
                    0.0075815011372251705,
                    0.0075815011372251705,
                    0.00796057619408643,
                    0.00796057619408643,
                    1.0
                ],
                "tpr": [
                    0.0,
                    0.0,
                    0.0,
                    0.0,
                    0.0,
                    0.0,
                    0.0,
                    0.0,
                    0.0,
                    0.02857142857142857,
                    0.11428571428571428,
                    0.11428571428571428,
                    0.7857142857142857,
                    1.0
                ],
                "thresholds": [
                    Infinity,
                    0.9981,
                    0.996,
                    0.9941,
                    0.9922,
                    0.9905,
                    0.9902,
                    0.989,
                    0.9886,
                    0.988,
                    0.9878,
                    0.9872,
                    0.9871,
                    0.0
                ]
            }
        },
        "predicted_anomalies_len": 2,
        "batch_number": 64,
        "batch_time": "0:00:00.999937",
        "total_time": "0:01:26.975628",
        "cumulative_verified": 76,
        "copied_pending": 0
    },
    "anomalies": [
        {
            "anchor": 1547,
            "neigh": [
                1547,
                1229,
                451,
                1732,
                2475,
                869,
                572
            ],
            "score": 0.0129,
            "freq": 0.0129,
            "weight": 0.00258493353028065,
            "original": true,
            "is_true": true
        },
        {
            "anchor": 2439,
            "neigh": [
                2439,
                2530,
                1229,
                867,
                2652,
                871,
                2440,
                657
            ],
            "score": 0.0114,
            "freq": 0.0114,
            "weight": 0.0029542097488921715,
            "original": true,
            "is_true": false
        }
    ]
}