{
    "stats": {
        "stat_results": {
            "accuracy": 0.981536189069424,
            "recall": 0.5142857142857142,
            "precision": 0.6923076923076923,
            "f1": 0.5901639344262295,
            "auroc": 0.7525722950287014,
            "ap": 0.3410689831042781,
            "tp": 36,
            "tn": 2622,
            "fp": 16,
            "fn": 34,
            "true_pred_nodes": [
                2056,
                1674,
                143,
                1426,
                915,
                660,
                1818,
                1053,
                2078,
                287,
                1310,
                674,
                1570,
                1573,
                294,
                2089,
                170,
                2479,
                181,
                438,
                1206,
                2624,
                833,
                1090,
                451,
                1732,
                459,
                2386,
                1235,
                980,
                214,
                738,
                869,
                874,
                1391,
                1533
            ],
            "optimal_threshold": 0.012900000000000023,
            "roc_curve": {
                "fpr": [
                    0.0,
                    0.0003790750568612585,
                    0.001516300227445034,
                    0.002274450341167551,
                    0.003032600454890068,
                    0.0037907505686125853,
                    0.004927975739196361,
                    0.005686125852918878,
                    0.005686125852918878,
                    0.006065200909780136,
                    0.006065200909780136,
                    1.0
                ],
                "tpr": [
                    0.0,
                    0.0,
                    0.0,
                    0.0,
                    0.0,
                    0.0,
                    0.0,
                    0.0,
                    0.05714285714285714,
                    0.05714285714285714,
                    0.5142857142857142,
                    1.0
                ],
                "thresholds": [
                    Infinity,
                    0.9981,
                    0.996,
                    0.9941,
                    0.9922,
                    0.9908,
                    0.9896,
                    0.989,
                    0.9878,
                    0.9872,
                    0.9871,
                    0.0
                ]
            }
        },
        "predicted_anomalies_len": 1,
        "batch_number": 45,
        "batch_time": "0:00:01.082114",
        "total_time": "0:01:00.946344",
        "cumulative_verified": 52,
        "copied_pending": 0
    },
    "anomalies": [
        {
            "anchor": 294,
            "neigh": [
                294,
                938,
                151,
                843,
                1362,
                980,
                2198
            ],
            "score": 0.0129,
            "freq": 0.0129,
            "weight": 0.00258493353028065,
            "original": true,
            "is_true": true
        }
    ]
}