{
    "stats": {
        "stat_results": {
            "accuracy": 0.9848596750369276,
            "recall": 0.6857142857142857,
            "precision": 0.7164179104477612,
            "f1": 0.7007299270072993,
            "auroc": 0.8368190187371385,
            "ap": 0.4565838456345011,
            "tp": 48,
            "tn": 2619,
            "fp": 19,
            "fn": 22,
            "true_pred_nodes": [
                2307,
                2056,
                1674,
                143,
                1426,
                915,
                660,
                1818,
                539,
                1053,
                2078,
                287,
                1310,
                674,
                1570,
                1573,
                294,
                2600,
                2089,
                170,
                938,
                2479,
                50,
                181,
                438,
                1206,
                572,
                1854,
                2624,
                833,
                1090,
                451,
                1732,
                459,
                843,
                1229,
                76,
                2506,
                2386,
                1235,
                980,
                1362,
                214,
                738,
                869,
                874,
                1391,
                1533
            ],
            "optimal_threshold": 0.012900000000000023,
            "roc_curve": {
                "fpr": [
                    0.0,
                    0.0003790750568612585,
                    0.001516300227445034,
                    0.002274450341167551,
                    0.003411675511751327,
                    0.004169825625473844,
                    0.004927975739196361,
                    0.006444275966641395,
                    0.006823351023502654,
                    0.006823351023502654,
                    0.006823351023502654,
                    0.007202426080363912,
                    0.007202426080363912,
                    1.0
                ],
                "tpr": [
                    0.0,
                    0.0,
                    0.0,
                    0.0,
                    0.0,
                    0.0,
                    0.0,
                    0.0,
                    0.0,
                    0.014285714285714285,
                    0.08571428571428572,
                    0.08571428571428572,
                    0.6857142857142857,
                    1.0
                ],
                "thresholds": [
                    Infinity,
                    0.9981,
                    0.996,
                    0.9941,
                    0.9922,
                    0.9908,
                    0.9902,
                    0.989,
                    0.9888,
                    0.988,
                    0.9878,
                    0.9872,
                    0.9871,
                    0.0
                ]
            }
        },
        "predicted_anomalies_len": 1,
        "batch_number": 58,
        "batch_time": "0:00:01.455294",
        "total_time": "0:01:17.790766",
        "cumulative_verified": 67,
        "copied_pending": 0
    },
    "anomalies": [
        {
            "anchor": 2506,
            "neigh": [
                2506,
                1053,
                738,
                459,
                2386,
                1623,
                311
            ],
            "score": 0.0129,
            "freq": 0.0129,
            "weight": 0.00258493353028065,
            "original": true,
            "is_true": true
        }
    ]
}