{
    "stats": {
        "stat_results": {
            "accuracy": 0.9748892171344166,
            "recall": 0.07142857142857142,
            "precision": 0.625,
            "f1": 0.1282051282051282,
            "auroc": 0.53510505794433,
            "ap": 0.06864581135260603,
            "tp": 5,
            "tn": 2635,
            "fp": 3,
            "fn": 65,
            "true_pred_nodes": [
                833,
                2386,
                2056,
                1053,
                143
            ],
            "optimal_threshold": 0.012900000000000023,
            "roc_curve": {
                "fpr": [
                    0.0,
                    0.0003790750568612585,
                    0.0011372251705837756,
                    0.0011372251705837756,
                    1.0
                ],
                "tpr": [
                    0.0,
                    0.0,
                    0.0,
                    0.07142857142857142,
                    1.0
                ],
                "thresholds": [
                    Infinity,
                    0.998,
                    0.9872,
                    0.9871,
                    0.0
                ]
            }
        },
        "predicted_anomalies_len": 1,
        "batch_number": 6,
        "batch_time": "0:00:00.762352",
        "total_time": "0:00:08.776899",
        "cumulative_verified": 8,
        "copied_pending": 0
    },
    "anomalies": [
        {
            "anchor": 2056,
            "neigh": [
                2056,
                738,
                459,
                2386,
                1623,
                1053,
                311
            ],
            "score": 0.0129,
            "freq": 0.0129,
            "weight": 0.00258493353028065,
            "original": true,
            "is_true": true
        }
    ]
}