{
    "stats": {
        "stat_results": {
            "accuracy": 0.9748892171344166,
            "recall": 0.05714285714285714,
            "precision": 0.6666666666666666,
            "f1": 0.10526315789473684,
            "auroc": 0.5281706920827467,
            "ap": 0.06246746852359851,
            "tp": 4,
            "tn": 2636,
            "fp": 2,
            "fn": 66,
            "true_pred_nodes": [
                833,
                2386,
                1053,
                143
            ],
            "optimal_threshold": 0.012900000000000023,
            "roc_curve": {
                "fpr": [
                    0.0,
                    0.0003790750568612585,
                    0.000758150113722517,
                    0.000758150113722517,
                    1.0
                ],
                "tpr": [
                    0.0,
                    0.0,
                    0.0,
                    0.05714285714285714,
                    1.0
                ],
                "thresholds": [
                    Infinity,
                    0.998,
                    0.996,
                    0.9871,
                    0.0
                ]
            }
        },
        "predicted_anomalies_len": 4,
        "batch_number": 4,
        "batch_time": "0:00:01.521386",
        "total_time": "0:00:06.203049",
        "cumulative_verified": 6,
        "copied_pending": 0
    },
    "anomalies": [
        {
            "anchor": 2386,
            "neigh": [
                2386,
                738,
                1623,
                2056,
                311,
                874,
                459
            ],
            "score": 0.0129,
            "freq": 0.0129,
            "weight": 0.00258493353028065,
            "original": true,
            "is_true": true
        },
        {
            "anchor": 143,
            "neigh": [
                143,
                674,
                2121,
                781,
                181,
                1014,
                539
            ],
            "score": 0.0129,
            "freq": 0.0129,
            "weight": 0.00258493353028065,
            "original": true,
            "is_true": true
        },
        {
            "anchor": 1053,
            "neigh": [
                1053,
                1623,
                2056,
                311,
                874,
                459,
                738
            ],
            "score": 0.0129,
            "freq": 0.0129,
            "weight": 0.00258493353028065,
            "original": true,
            "is_true": true
        },
        {
            "anchor": 562,
            "neigh": [
                562,
                704,
                1483,
                2450,
                1735,
                1412,
                969,
                1743
            ],
            "score": 0.002,
            "freq": 0.002,
            "weight": 0.0029542097488921715,
            "original": true,
            "is_true": false
        }
    ]
}