{
    "stats": {
        "stat_results": {
            "accuracy": 0.9874446085672083,
            "recall": 0.8142857142857143,
            "precision": 0.7307692307692307,
            "f1": 0.7702702702702703,
            "auroc": 0.8999648001732915,
            "ap": 0.5434262508961811,
            "tp": 57,
            "tn": 2617,
            "fp": 21,
            "fn": 13,
            "true_pred_nodes": [
                2307,
                1540,
                2056,
                1547,
                781,
                1818,
                539,
                1053,
                2078,
                287,
                1310,
                1533,
                1570,
                1573,
                294,
                2600,
                2089,
                50,
                311,
                572,
                1854,
                2624,
                833,
                1090,
                843,
                76,
                2386,
                1362,
                2654,
                869,
                874,
                1391,
                127,
                1674,
                143,
                1426,
                915,
                660,
                2198,
                674,
                170,
                938,
                2479,
                181,
                438,
                1206,
                451,
                1732,
                459,
                2506,
                1229,
                1235,
                980,
                214,
                738,
                1014,
                1783
            ],
            "optimal_threshold": 0.012900000000000023,
            "roc_curve": {
                "fpr": [
                    0.0,
                    0.0003790750568612585,
                    0.001516300227445034,
                    0.002274450341167551,
                    0.003411675511751327,
                    0.004927975739196361,
                    0.00530705079605762,
                    0.006823351023502654,
                    0.0075815011372251705,
                    0.0075815011372251705,
                    0.0075815011372251705,
                    0.00796057619408643,
                    0.00796057619408643,
                    1.0
                ],
                "tpr": [
                    0.0,
                    0.0,
                    0.0,
                    0.0,
                    0.0,
                    0.0,
                    0.0,
                    0.0,
                    0.0,
                    0.02857142857142857,
                    0.11428571428571428,
                    0.11428571428571428,
                    0.8142857142857143,
                    1.0
                ],
                "thresholds": [
                    Infinity,
                    0.9981,
                    0.996,
                    0.9941,
                    0.9922,
                    0.9905,
                    0.9902,
                    0.989,
                    0.9886,
                    0.988,
                    0.9878,
                    0.9872,
                    0.9871,
                    0.0
                ]
            }
        },
        "predicted_anomalies_len": 2,
        "batch_number": 65,
        "batch_time": "0:00:00.950180",
        "total_time": "0:01:27.925808",
        "cumulative_verified": 78,
        "copied_pending": 0
    },
    "anomalies": [
        {
            "anchor": 781,
            "neigh": [
                781,
                674,
                2121,
                143,
                181,
                1014,
                539
            ],
            "score": 0.0129,
            "freq": 0.0129,
            "weight": 0.00258493353028065,
            "original": true,
            "is_true": true
        },
        {
            "anchor": 2654,
            "neigh": [
                2654,
                641,
                2600,
                170,
                1854,
                50,
                214
            ],
            "score": 0.0129,
            "freq": 0.0129,
            "weight": 0.00258493353028065,
            "original": true,
            "is_true": true
        }
    ]
}