{
    "stats": {
        "stat_results": {
            "accuracy": 0.98301329394387,
            "recall": 0.6,
            "precision": 0.7,
            "f1": 0.6461538461538462,
            "auroc": 0.7945683959709737,
            "ap": 0.3965735003548888,
            "tp": 42,
            "tn": 2620,
            "fp": 18,
            "fn": 28,
            "true_pred_nodes": [
                2056,
                1674,
                143,
                1426,
                915,
                660,
                1818,
                539,
                1053,
                2078,
                287,
                1310,
                674,
                1570,
                1573,
                294,
                2600,
                2089,
                170,
                938,
                2479,
                181,
                438,
                1206,
                572,
                2624,
                833,
                1090,
                451,
                1732,
                459,
                843,
                2386,
                1235,
                980,
                1362,
                214,
                738,
                869,
                874,
                1391,
                1533
            ],
            "optimal_threshold": 0.012900000000000023,
            "roc_curve": {
                "fpr": [
                    0.0,
                    0.0003790750568612585,
                    0.001516300227445034,
                    0.002274450341167551,
                    0.003411675511751327,
                    0.004169825625473844,
                    0.004927975739196361,
                    0.006444275966641395,
                    0.006444275966641395,
                    0.006823351023502654,
                    0.006823351023502654,
                    1.0
                ],
                "tpr": [
                    0.0,
                    0.0,
                    0.0,
                    0.0,
                    0.0,
                    0.0,
                    0.0,
                    0.0,
                    0.07142857142857142,
                    0.07142857142857142,
                    0.6,
                    1.0
                ],
                "thresholds": [
                    Infinity,
                    0.9981,
                    0.996,
                    0.9941,
                    0.9922,
                    0.9908,
                    0.9902,
                    0.989,
                    0.9878,
                    0.9872,
                    0.9871,
                    0.0
                ]
            }
        },
        "predicted_anomalies_len": 0,
        "batch_number": 50,
        "batch_time": "0:00:01.048149",
        "total_time": "0:01:07.004924",
        "cumulative_verified": 60,
        "copied_pending": 0
    },
    "anomalies": []
}