{
    "stats": {
        "stat_results": {
            "accuracy": 0.9800590841949779,
            "recall": 0.35714285714285715,
            "precision": 0.7352941176470589,
            "f1": 0.4807692307692308,
            "auroc": 0.676278024477418,
            "ap": 0.2562532841792552,
            "tp": 25,
            "tn": 2629,
            "fp": 9,
            "fn": 45,
            "true_pred_nodes": [
                833,
                1090,
                1732,
                2056,
                1674,
                143,
                2386,
                1426,
                980,
                1235,
                214,
                1053,
                2078,
                287,
                1310,
                674,
                1570,
                738,
                1573,
                869,
                2089,
                170,
                181,
                438,
                1533
            ],
            "optimal_threshold": 0.012900000000000023,
            "roc_curve": {
                "fpr": [
                    0.0,
                    0.0003790750568612585,
                    0.002274450341167551,
                    0.003032600454890068,
                    0.003032600454890068,
                    0.003411675511751327,
                    0.003411675511751327,
                    1.0
                ],
                "tpr": [
                    0.0,
                    0.0,
                    0.0,
                    0.0,
                    0.05714285714285714,
                    0.05714285714285714,
                    0.35714285714285715,
                    1.0
                ],
                "thresholds": [
                    Infinity,
                    0.998,
                    0.9905,
                    0.989,
                    0.9878,
                    0.9872,
                    0.9871,
                    0.0
                ]
            }
        },
        "predicted_anomalies_len": 3,
        "batch_number": 29,
        "batch_time": "0:00:02.067480",
        "total_time": "0:00:39.351176",
        "cumulative_verified": 34,
        "copied_pending": 0
    },
    "anomalies": [
        {
            "anchor": 738,
            "neigh": [
                738,
                1623,
                2056,
                1053,
                311,
                2386,
                874
            ],
            "score": 0.0129,
            "freq": 0.0129,
            "weight": 0.00258493353028065,
            "original": true,
            "is_true": true
        },
        {
            "anchor": 1235,
            "neigh": [
                1235,
                451,
                1732,
                1547,
                1229,
                2475,
                869
            ],
            "score": 0.0129,
            "freq": 0.0129,
            "weight": 0.00258493353028065,
            "original": true,
            "is_true": true
        },
        {
            "anchor": 368,
            "neigh": [
                368,
                2249,
                428,
                996,
                1545,
                2248,
                1257,
                2518
            ],
            "score": 0.0092,
            "freq": 0.0092,
            "weight": 0.0029542097488921715,
            "original": true,
            "is_true": false
        }
    ]
}