{
    "stats": {
        "stat_results": {
            "accuracy": 0.9800590841949779,
            "recall": 0.3142857142857143,
            "precision": 0.7857142857142857,
            "f1": 0.4489795918367347,
            "auroc": 0.6556698797790534,
            "ap": 0.245162900216709,
            "tp": 22,
            "tn": 2632,
            "fp": 6,
            "fn": 48,
            "true_pred_nodes": [
                833,
                1090,
                1732,
                2056,
                1674,
                143,
                2386,
                1426,
                980,
                214,
                1053,
                2078,
                287,
                1310,
                674,
                1570,
                1573,
                2089,
                170,
                181,
                438,
                1533
            ],
            "optimal_threshold": 0.012900000000000023,
            "roc_curve": {
                "fpr": [
                    0.0,
                    0.0003790750568612585,
                    0.0011372251705837756,
                    0.0018953752843062926,
                    0.0018953752843062926,
                    0.002274450341167551,
                    0.002274450341167551,
                    1.0
                ],
                "tpr": [
                    0.0,
                    0.0,
                    0.0,
                    0.0,
                    0.05714285714285714,
                    0.05714285714285714,
                    0.3142857142857143,
                    1.0
                ],
                "thresholds": [
                    Infinity,
                    0.998,
                    0.9905,
                    0.989,
                    0.9878,
                    0.9872,
                    0.9871,
                    0.0
                ]
            }
        },
        "predicted_anomalies_len": 3,
        "batch_number": 26,
        "batch_time": "0:00:01.780314",
        "total_time": "0:00:34.943309",
        "cumulative_verified": 28,
        "copied_pending": 0
    },
    "anomalies": [
        {
            "anchor": 219,
            "neigh": [
                219,
                507,
                1413,
                1542,
                1931,
                1936,
                402
            ],
            "score": 0.011,
            "freq": 0.011,
            "weight": 0.00258493353028065,
            "original": true,
            "is_true": false
        },
        {
            "anchor": 438,
            "neigh": [
                438,
                1984,
                1224,
                2307,
                915,
                1573,
                833,
                1135
            ],
            "score": 0.0122,
            "freq": 0.0122,
            "weight": 0.0029542097488921715,
            "original": true,
            "is_true": true
        },
        {
            "anchor": 1426,
            "neigh": [
                1426,
                480,
                2624,
                1090,
                1540,
                76,
                660,
                1310
            ],
            "score": 0.0122,
            "freq": 0.0122,
            "weight": 0.0029542097488921715,
            "original": true,
            "is_true": true
        }
    ]
}