{
    "stats": {
        "stat_results": {
            "accuracy": 0.981536189069424,
            "recall": 0.4142857142857143,
            "precision": 0.7631578947368421,
            "f1": 0.5370370370370371,
            "auroc": 0.7047519766056537,
            "ap": 0.306744334988135,
            "tp": 29,
            "tn": 2629,
            "fp": 9,
            "fn": 41,
            "true_pred_nodes": [
                2056,
                1674,
                143,
                1426,
                915,
                1053,
                2078,
                287,
                1310,
                674,
                1570,
                1573,
                2089,
                170,
                181,
                438,
                2624,
                833,
                1090,
                1732,
                459,
                2386,
                1235,
                980,
                214,
                738,
                869,
                874,
                1533
            ],
            "optimal_threshold": 0.012900000000000023,
            "roc_curve": {
                "fpr": [
                    0.0,
                    0.0003790750568612585,
                    0.002274450341167551,
                    0.003032600454890068,
                    0.003032600454890068,
                    0.003411675511751327,
                    0.003411675511751327,
                    1.0
                ],
                "tpr": [
                    0.0,
                    0.0,
                    0.0,
                    0.0,
                    0.05714285714285714,
                    0.05714285714285714,
                    0.4142857142857143,
                    1.0
                ],
                "thresholds": [
                    Infinity,
                    0.998,
                    0.9905,
                    0.989,
                    0.9878,
                    0.9872,
                    0.9871,
                    0.0
                ]
            }
        },
        "predicted_anomalies_len": 0,
        "batch_number": 35,
        "batch_time": "0:00:01.572102",
        "total_time": "0:00:46.432095",
        "cumulative_verified": 38,
        "copied_pending": 0
    },
    "anomalies": []
}