{
    "stats": {
        "stat_results": {
            "accuracy": 0.982274741506647,
            "recall": 0.5428571428571428,
            "precision": 0.7037037037037037,
            "f1": 0.6129032258064516,
            "auroc": 0.7667767789450881,
            "ap": 0.36142001359874326,
            "tp": 38,
            "tn": 2622,
            "fp": 16,
            "fn": 32,
            "true_pred_nodes": [
                2056,
                1674,
                143,
                1426,
                915,
                660,
                1818,
                1053,
                2078,
                287,
                1310,
                674,
                1570,
                1573,
                294,
                2600,
                2089,
                170,
                2479,
                181,
                438,
                1206,
                572,
                2624,
                833,
                1090,
                451,
                1732,
                459,
                2386,
                1235,
                980,
                214,
                738,
                869,
                874,
                1391,
                1533
            ],
            "optimal_threshold": 0.012900000000000023,
            "roc_curve": {
                "fpr": [
                    0.0,
                    0.0003790750568612585,
                    0.001516300227445034,
                    0.002274450341167551,
                    0.003032600454890068,
                    0.0037907505686125853,
                    0.004927975739196361,
                    0.005686125852918878,
                    0.005686125852918878,
                    0.006065200909780136,
                    0.006065200909780136,
                    1.0
                ],
                "tpr": [
                    0.0,
                    0.0,
                    0.0,
                    0.0,
                    0.0,
                    0.0,
                    0.0,
                    0.0,
                    0.07142857142857142,
                    0.07142857142857142,
                    0.5428571428571428,
                    1.0
                ],
                "thresholds": [
                    Infinity,
                    0.9981,
                    0.996,
                    0.9941,
                    0.9922,
                    0.9908,
                    0.9896,
                    0.989,
                    0.9878,
                    0.9872,
                    0.9871,
                    0.0
                ]
            }
        },
        "predicted_anomalies_len": 2,
        "batch_number": 46,
        "batch_time": "0:00:01.157964",
        "total_time": "0:01:02.104308",
        "cumulative_verified": 54,
        "copied_pending": 0
    },
    "anomalies": [
        {
            "anchor": 572,
            "neigh": [
                572,
                451,
                1732,
                1547,
                1229,
                2475,
                869
            ],
            "score": 0.0129,
            "freq": 0.0129,
            "weight": 0.00258493353028065,
            "original": true,
            "is_true": true
        },
        {
            "anchor": 2600,
            "neigh": [
                2600,
                832,
                641,
                170,
                1854,
                50,
                214,
                2078
            ],
            "score": 0.0122,
            "freq": 0.0122,
            "weight": 0.0029542097488921715,
            "original": true,
            "is_true": true
        }
    ]
}