{
    "stats": {
        "stat_results": {
            "accuracy": 0.9796898079763663,
            "recall": 0.2857142857142857,
            "precision": 0.8,
            "f1": 0.42105263157894735,
            "auroc": 0.641649518033142,
            "ap": 0.2337019061686713,
            "tp": 20,
            "tn": 2633,
            "fp": 5,
            "fn": 50,
            "true_pred_nodes": [
                833,
                1090,
                1732,
                2056,
                1674,
                143,
                2386,
                980,
                214,
                1053,
                2078,
                287,
                1310,
                674,
                1570,
                1573,
                2089,
                170,
                181,
                1533
            ],
            "optimal_threshold": 0.012900000000000023,
            "roc_curve": {
                "fpr": [
                    0.0,
                    0.0003790750568612585,
                    0.001516300227445034,
                    0.001516300227445034,
                    0.0018953752843062926,
                    0.0018953752843062926,
                    1.0
                ],
                "tpr": [
                    0.0,
                    0.0,
                    0.0,
                    0.02857142857142857,
                    0.02857142857142857,
                    0.2857142857142857,
                    1.0
                ],
                "thresholds": [
                    Infinity,
                    0.998,
                    0.989,
                    0.9878,
                    0.9872,
                    0.9871,
                    0.0
                ]
            }
        },
        "predicted_anomalies_len": 3,
        "batch_number": 25,
        "batch_time": "0:00:01.403715",
        "total_time": "0:00:33.162995",
        "cumulative_verified": 25,
        "copied_pending": 0
    },
    "anomalies": [
        {
            "anchor": 1732,
            "neigh": [
                1732,
                451,
                1547,
                1229,
                2475,
                572,
                869
            ],
            "score": 0.0129,
            "freq": 0.0129,
            "weight": 0.00258493353028065,
            "original": true,
            "is_true": true
        },
        {
            "anchor": 181,
            "neigh": [
                181,
                674,
                2121,
                781,
                143,
                1014,
                539
            ],
            "score": 0.0129,
            "freq": 0.0129,
            "weight": 0.00258493353028065,
            "original": true,
            "is_true": true
        },
        {
            "anchor": 1310,
            "neigh": [
                1310,
                2624,
                1090,
                1540,
                76,
                1426,
                660
            ],
            "score": 0.0129,
            "freq": 0.0129,
            "weight": 0.00258493353028065,
            "original": true,
            "is_true": true
        }
    ]
}