{
    "stats": {
        "stat_results": {
            "accuracy": 0.9771048744460856,
            "recall": 0.17142857142857143,
            "precision": 0.75,
            "f1": 0.27906976744186046,
            "auroc": 0.5848369977255496,
            "ap": 0.13998944925089682,
            "tp": 12,
            "tn": 2634,
            "fp": 4,
            "fn": 58,
            "true_pred_nodes": [
                833,
                674,
                1573,
                2056,
                2089,
                1674,
                170,
                143,
                2386,
                214,
                1053,
                2078
            ],
            "optimal_threshold": 0.012900000000000023,
            "roc_curve": {
                "fpr": [
                    0.0,
                    0.0003790750568612585,
                    0.0011372251705837756,
                    0.0011372251705837756,
                    0.001516300227445034,
                    0.001516300227445034,
                    1.0
                ],
                "tpr": [
                    0.0,
                    0.0,
                    0.0,
                    0.02857142857142857,
                    0.02857142857142857,
                    0.17142857142857143,
                    1.0
                ],
                "thresholds": [
                    Infinity,
                    0.998,
                    0.989,
                    0.9878,
                    0.9872,
                    0.9871,
                    0.0
                ]
            }
        },
        "predicted_anomalies_len": 1,
        "batch_number": 15,
        "batch_time": "0:00:01.418360",
        "total_time": "0:00:21.088665",
        "cumulative_verified": 16,
        "copied_pending": 0
    },
    "anomalies": [
        {
            "anchor": 214,
            "neigh": [
                214,
                641,
                2600,
                170,
                1854,
                50,
                2078
            ],
            "score": 0.0129,
            "freq": 0.0129,
            "weight": 0.00258493353028065,
            "original": true,
            "is_true": true
        }
    ]
}