{
    "stats": {
        "stat_results": {
            "accuracy": 0.9782127031019202,
            "recall": 0.22857142857142856,
            "precision": 0.7619047619047619,
            "f1": 0.3516483516483517,
            "auroc": 0.6131322430412651,
            "ap": 0.18184567770978405,
            "tp": 16,
            "tn": 2633,
            "fp": 5,
            "fn": 54,
            "true_pred_nodes": [
                833,
                1090,
                2056,
                1674,
                143,
                2386,
                214,
                1053,
                2078,
                287,
                674,
                1570,
                1573,
                2089,
                170,
                1533
            ],
            "optimal_threshold": 0.012900000000000023,
            "roc_curve": {
                "fpr": [
                    0.0,
                    0.0003790750568612585,
                    0.001516300227445034,
                    0.001516300227445034,
                    0.0018953752843062926,
                    0.0018953752843062926,
                    1.0
                ],
                "tpr": [
                    0.0,
                    0.0,
                    0.0,
                    0.02857142857142857,
                    0.02857142857142857,
                    0.22857142857142856,
                    1.0
                ],
                "thresholds": [
                    Infinity,
                    0.998,
                    0.989,
                    0.9878,
                    0.9872,
                    0.9871,
                    0.0
                ]
            }
        },
        "predicted_anomalies_len": 1,
        "batch_number": 22,
        "batch_time": "0:00:00.995344",
        "total_time": "0:00:29.444802",
        "cumulative_verified": 21,
        "copied_pending": 0
    },
    "anomalies": [
        {
            "anchor": 1127,
            "neigh": [
                1127,
                1986,
                745,
                553,
                1583,
                366,
                1995,
                160
            ],
            "score": 0.0095,
            "freq": 0.0095,
            "weight": 0.0029542097488921715,
            "original": true,
            "is_true": false
        }
    ]
}