{
    "stats": {
        "stat_results": {
            "accuracy": 0.9804283604135894,
            "recall": 0.42857142857142855,
            "precision": 0.6976744186046512,
            "f1": 0.5309734513274337,
            "auroc": 0.7107873930466805,
            "ap": 0.2881929756547598,
            "tp": 30,
            "tn": 2625,
            "fp": 13,
            "fn": 40,
            "true_pred_nodes": [
                2056,
                1674,
                143,
                1426,
                915,
                1053,
                2078,
                287,
                1310,
                674,
                1570,
                1573,
                2089,
                170,
                181,
                438,
                2624,
                833,
                1090,
                451,
                1732,
                459,
                2386,
                1235,
                980,
                214,
                738,
                869,
                874,
                1533
            ],
            "optimal_threshold": 0.012900000000000023,
            "roc_curve": {
                "fpr": [
                    0.0,
                    0.0003790750568612585,
                    0.0018953752843062926,
                    0.00265352539802881,
                    0.0037907505686125853,
                    0.004548900682335102,
                    0.004548900682335102,
                    0.004927975739196361,
                    0.004927975739196361,
                    1.0
                ],
                "tpr": [
                    0.0,
                    0.0,
                    0.0,
                    0.0,
                    0.0,
                    0.0,
                    0.05714285714285714,
                    0.05714285714285714,
                    0.42857142857142855,
                    1.0
                ],
                "thresholds": [
                    Infinity,
                    0.998,
                    0.9922,
                    0.9908,
                    0.9896,
                    0.989,
                    0.9878,
                    0.9872,
                    0.9871,
                    0.0
                ]
            }
        },
        "predicted_anomalies_len": 0,
        "batch_number": 40,
        "batch_time": "0:00:01.321030",
        "total_time": "0:00:54.812617",
        "cumulative_verified": 43,
        "copied_pending": 0
    },
    "anomalies": []
}