{
    "stats": {
        "stat_results": {
            "accuracy": 0.9804283604135894,
            "recall": 0.37142857142857144,
            "precision": 0.7428571428571429,
            "f1": 0.49523809523809526,
            "auroc": 0.6833965125094769,
            "ap": 0.268765160421628,
            "tp": 26,
            "tn": 2629,
            "fp": 9,
            "fn": 44,
            "true_pred_nodes": [
                833,
                1090,
                1732,
                2056,
                1674,
                459,
                143,
                2386,
                1426,
                980,
                1235,
                214,
                1053,
                2078,
                287,
                1310,
                674,
                1570,
                738,
                1573,
                869,
                2089,
                170,
                181,
                438,
                1533
            ],
            "optimal_threshold": 0.012900000000000023,
            "roc_curve": {
                "fpr": [
                    0.0,
                    0.0003790750568612585,
                    0.002274450341167551,
                    0.003032600454890068,
                    0.003032600454890068,
                    0.003411675511751327,
                    0.003411675511751327,
                    1.0
                ],
                "tpr": [
                    0.0,
                    0.0,
                    0.0,
                    0.0,
                    0.05714285714285714,
                    0.05714285714285714,
                    0.37142857142857144,
                    1.0
                ],
                "thresholds": [
                    Infinity,
                    0.998,
                    0.9905,
                    0.989,
                    0.9878,
                    0.9872,
                    0.9871,
                    0.0
                ]
            }
        },
        "predicted_anomalies_len": 0,
        "batch_number": 31,
        "batch_time": "0:00:01.069231",
        "total_time": "0:00:41.722668",
        "cumulative_verified": 35,
        "copied_pending": 0
    },
    "anomalies": []
}