{
    "stats": {
        "stat_results": {
            "accuracy": 0.9778434268833087,
            "recall": 0.2,
            "precision": 0.7777777777777778,
            "f1": 0.3181818181818182,
            "auroc": 0.5991010505794433,
            "ap": 0.16544137300414996,
            "tp": 14,
            "tn": 2634,
            "fp": 4,
            "fn": 56,
            "true_pred_nodes": [
                833,
                674,
                1090,
                1533,
                1573,
                2056,
                2089,
                1674,
                170,
                143,
                2386,
                214,
                1053,
                2078
            ],
            "optimal_threshold": 0.012900000000000023,
            "roc_curve": {
                "fpr": [
                    0.0,
                    0.0003790750568612585,
                    0.0011372251705837756,
                    0.0011372251705837756,
                    0.001516300227445034,
                    0.001516300227445034,
                    1.0
                ],
                "tpr": [
                    0.0,
                    0.0,
                    0.0,
                    0.02857142857142857,
                    0.02857142857142857,
                    0.2,
                    1.0
                ],
                "thresholds": [
                    Infinity,
                    0.998,
                    0.989,
                    0.9878,
                    0.9872,
                    0.9871,
                    0.0
                ]
            }
        },
        "predicted_anomalies_len": 0,
        "batch_number": 19,
        "batch_time": "0:00:00.999970",
        "total_time": "0:00:25.959472",
        "cumulative_verified": 18,
        "copied_pending": 0
    },
    "anomalies": []
}