{
    "stats": {
        "stat_results": {
            "accuracy": 0.983751846381093,
            "recall": 0.6285714285714286,
            "precision": 0.7096774193548387,
            "f1": 0.6666666666666666,
            "auroc": 0.8087620491714502,
            "ap": 0.4142818290714193,
            "tp": 44,
            "tn": 2620,
            "fp": 18,
            "fn": 26,
            "true_pred_nodes": [
                2056,
                1674,
                143,
                1426,
                915,
                660,
                1818,
                539,
                1053,
                2078,
                287,
                1310,
                674,
                1570,
                1573,
                294,
                2600,
                2089,
                170,
                938,
                2479,
                181,
                438,
                1206,
                572,
                1854,
                2624,
                833,
                1090,
                451,
                1732,
                459,
                843,
                1229,
                2386,
                1235,
                980,
                1362,
                214,
                738,
                869,
                874,
                1391,
                1533
            ],
            "optimal_threshold": 0.012900000000000023,
            "roc_curve": {
                "fpr": [
                    0.0,
                    0.0003790750568612585,
                    0.001516300227445034,
                    0.002274450341167551,
                    0.003411675511751327,
                    0.004169825625473844,
                    0.004927975739196361,
                    0.006444275966641395,
                    0.006444275966641395,
                    0.006444275966641395,
                    0.006823351023502654,
                    0.006823351023502654,
                    1.0
                ],
                "tpr": [
                    0.0,
                    0.0,
                    0.0,
                    0.0,
                    0.0,
                    0.0,
                    0.0,
                    0.0,
                    0.014285714285714285,
                    0.08571428571428572,
                    0.08571428571428572,
                    0.6285714285714286,
                    1.0
                ],
                "thresholds": [
                    Infinity,
                    0.9981,
                    0.996,
                    0.9941,
                    0.9922,
                    0.9908,
                    0.9902,
                    0.989,
                    0.988,
                    0.9878,
                    0.9872,
                    0.9871,
                    0.0
                ]
            }
        },
        "predicted_anomalies_len": 2,
        "batch_number": 51,
        "batch_time": "0:00:02.392902",
        "total_time": "0:01:09.397826",
        "cumulative_verified": 62,
        "copied_pending": 0
    },
    "anomalies": [
        {
            "anchor": 1854,
            "neigh": [
                1854,
                641,
                2600,
                170,
                50,
                214,
                2078
            ],
            "score": 0.0129,
            "freq": 0.0129,
            "weight": 0.00258493353028065,
            "original": true,
            "is_true": true
        },
        {
            "anchor": 1229,
            "neigh": [
                1229,
                1358,
                1732,
                124,
                1547,
                572,
                1133,
                869
            ],
            "score": 0.012,
            "freq": 0.012,
            "weight": 0.0029542097488921715,
            "original": true,
            "is_true": true
        }
    ]
}