{
    "stats": {
        "stat_results": {
            "accuracy": 0.9807976366322009,
            "recall": 0.38571428571428573,
            "precision": 0.75,
            "f1": 0.5094339622641509,
            "auroc": 0.6905150005415358,
            "ap": 0.2813550678764859,
            "tp": 27,
            "tn": 2629,
            "fp": 9,
            "fn": 43,
            "true_pred_nodes": [
                2624,
                833,
                1090,
                1732,
                2056,
                1674,
                459,
                143,
                2386,
                1426,
                980,
                1235,
                214,
                1053,
                2078,
                287,
                1310,
                674,
                1570,
                738,
                1573,
                869,
                2089,
                170,
                181,
                438,
                1533
            ],
            "optimal_threshold": 0.012900000000000023,
            "roc_curve": {
                "fpr": [
                    0.0,
                    0.0003790750568612585,
                    0.002274450341167551,
                    0.003032600454890068,
                    0.003032600454890068,
                    0.003411675511751327,
                    0.003411675511751327,
                    1.0
                ],
                "tpr": [
                    0.0,
                    0.0,
                    0.0,
                    0.0,
                    0.05714285714285714,
                    0.05714285714285714,
                    0.38571428571428573,
                    1.0
                ],
                "thresholds": [
                    Infinity,
                    0.998,
                    0.9905,
                    0.989,
                    0.9878,
                    0.9872,
                    0.9871,
                    0.0
                ]
            }
        },
        "predicted_anomalies_len": 1,
        "batch_number": 32,
        "batch_time": "0:00:01.072230",
        "total_time": "0:00:42.794898",
        "cumulative_verified": 36,
        "copied_pending": 0
    },
    "anomalies": [
        {
            "anchor": 2624,
            "neigh": [
                2624,
                1090,
                1540,
                76,
                1426,
                660,
                1310
            ],
            "score": 0.0129,
            "freq": 0.0129,
            "weight": 0.00258493353028065,
            "original": true,
            "is_true": true
        }
    ]
}