{
    "stats": {
        "stat_results": {
            "accuracy": 0.9844903988183161,
            "recall": 0.6571428571428571,
            "precision": 0.71875,
            "f1": 0.6865671641791045,
            "auroc": 0.8229502870139715,
            "ap": 0.4390041061272838,
            "tp": 46,
            "tn": 2620,
            "fp": 18,
            "fn": 24,
            "true_pred_nodes": [
                2307,
                2056,
                1674,
                143,
                1426,
                915,
                660,
                1818,
                539,
                1053,
                2078,
                287,
                1310,
                674,
                1570,
                1573,
                294,
                2600,
                2089,
                170,
                938,
                2479,
                181,
                438,
                1206,
                572,
                1854,
                2624,
                833,
                1090,
                451,
                1732,
                459,
                843,
                1229,
                76,
                2386,
                1235,
                980,
                1362,
                214,
                738,
                869,
                874,
                1391,
                1533
            ],
            "optimal_threshold": 0.012900000000000023,
            "roc_curve": {
                "fpr": [
                    0.0,
                    0.0003790750568612585,
                    0.001516300227445034,
                    0.002274450341167551,
                    0.003411675511751327,
                    0.004169825625473844,
                    0.004927975739196361,
                    0.006444275966641395,
                    0.006444275966641395,
                    0.006444275966641395,
                    0.006823351023502654,
                    0.006823351023502654,
                    1.0
                ],
                "tpr": [
                    0.0,
                    0.0,
                    0.0,
                    0.0,
                    0.0,
                    0.0,
                    0.0,
                    0.0,
                    0.014285714285714285,
                    0.08571428571428572,
                    0.08571428571428572,
                    0.6571428571428571,
                    1.0
                ],
                "thresholds": [
                    Infinity,
                    0.9981,
                    0.996,
                    0.9941,
                    0.9922,
                    0.9908,
                    0.9902,
                    0.989,
                    0.988,
                    0.9878,
                    0.9872,
                    0.9871,
                    0.0
                ]
            }
        },
        "predicted_anomalies_len": 0,
        "batch_number": 53,
        "batch_time": "0:00:01.015071",
        "total_time": "0:01:11.651945",
        "cumulative_verified": 64,
        "copied_pending": 0
    },
    "anomalies": []
}