{
    "stats": {
        "stat_results": {
            "accuracy": 0.9763663220088626,
            "recall": 0.14285714285714285,
            "precision": 0.7142857142857143,
            "f1": 0.23809523809523808,
            "auroc": 0.5705675295137008,
            "ap": 0.1175647363819974,
            "tp": 10,
            "tn": 2634,
            "fp": 4,
            "fn": 60,
            "true_pred_nodes": [
                833,
                674,
                1573,
                2056,
                2089,
                1674,
                143,
                2386,
                1053,
                2078
            ],
            "optimal_threshold": 0.012900000000000023,
            "roc_curve": {
                "fpr": [
                    0.0,
                    0.0003790750568612585,
                    0.0011372251705837756,
                    0.0011372251705837756,
                    0.001516300227445034,
                    0.001516300227445034,
                    1.0
                ],
                "tpr": [
                    0.0,
                    0.0,
                    0.0,
                    0.014285714285714285,
                    0.014285714285714285,
                    0.14285714285714285,
                    1.0
                ],
                "thresholds": [
                    Infinity,
                    0.998,
                    0.989,
                    0.9878,
                    0.9872,
                    0.9871,
                    0.0
                ]
            }
        },
        "predicted_anomalies_len": 1,
        "batch_number": 13,
        "batch_time": "0:00:01.659465",
        "total_time": "0:00:18.323369",
        "cumulative_verified": 14,
        "copied_pending": 0
    },
    "anomalies": [
        {
            "anchor": 1573,
            "neigh": [
                1573,
                598,
                2307,
                1674,
                1035,
                915,
                833,
                1135
            ],
            "score": 0.0122,
            "freq": 0.0122,
            "weight": 0.0029542097488921715,
            "original": true,
            "is_true": true
        }
    ]
}