{
    "stats": {
        "stat_results": {
            "accuracy": 0.9804283604135894,
            "recall": 0.4714285714285714,
            "precision": 0.673469387755102,
            "f1": 0.5546218487394958,
            "auroc": 0.731273692191054,
            "ap": 0.3047020416322814,
            "tp": 33,
            "tn": 2622,
            "fp": 16,
            "fn": 37,
            "true_pred_nodes": [
                2056,
                1674,
                143,
                1426,
                915,
                1818,
                1053,
                2078,
                287,
                1310,
                674,
                1570,
                1573,
                2089,
                170,
                2479,
                181,
                438,
                1206,
                2624,
                833,
                1090,
                451,
                1732,
                459,
                2386,
                1235,
                980,
                214,
                738,
                869,
                874,
                1533
            ],
            "optimal_threshold": 0.012900000000000023,
            "roc_curve": {
                "fpr": [
                    0.0,
                    0.0003790750568612585,
                    0.001516300227445034,
                    0.002274450341167551,
                    0.003032600454890068,
                    0.0037907505686125853,
                    0.004927975739196361,
                    0.005686125852918878,
                    0.005686125852918878,
                    0.006065200909780136,
                    0.006065200909780136,
                    1.0
                ],
                "tpr": [
                    0.0,
                    0.0,
                    0.0,
                    0.0,
                    0.0,
                    0.0,
                    0.0,
                    0.0,
                    0.05714285714285714,
                    0.05714285714285714,
                    0.4714285714285714,
                    1.0
                ],
                "thresholds": [
                    Infinity,
                    0.9981,
                    0.996,
                    0.9941,
                    0.9922,
                    0.9908,
                    0.9896,
                    0.989,
                    0.9878,
                    0.9872,
                    0.9871,
                    0.0
                ]
            }
        },
        "predicted_anomalies_len": 3,
        "batch_number": 42,
        "batch_time": "0:00:01.445687",
        "total_time": "0:00:57.600855",
        "cumulative_verified": 49,
        "copied_pending": 0
    },
    "anomalies": [
        {
            "anchor": 1767,
            "neigh": [
                1767,
                1783,
                1623,
                2056,
                1053,
                311,
                459
            ],
            "score": 0.0059,
            "freq": 0.0059,
            "weight": 0.00258493353028065,
            "original": true,
            "is_true": false
        },
        {
            "anchor": 436,
            "neigh": [
                436,
                483,
                816,
                1980,
                1979,
                2405,
                1842,
                120
            ],
            "score": 0.0071,
            "freq": 0.0071,
            "weight": 0.0029542097488921715,
            "original": true,
            "is_true": false
        },
        {
            "anchor": 1525,
            "neigh": [
                1525,
                1973,
                1224,
                1370,
                1914,
                779,
                778,
                1919
            ],
            "score": 0.0019,
            "freq": 0.0019,
            "weight": 0.0029542097488921715,
            "original": true,
            "is_true": false
        }
    ]
}