{
    "stats": {
        "stat_results": {
            "accuracy": 0.9826440177252584,
            "recall": 0.5714285714285714,
            "precision": 0.7017543859649122,
            "f1": 0.6299212598425197,
            "auroc": 0.7806780028159861,
            "ap": 0.3789622822618902,
            "tp": 40,
            "tn": 2621,
            "fp": 17,
            "fn": 30,
            "true_pred_nodes": [
                2056,
                1674,
                143,
                1426,
                915,
                660,
                1818,
                1053,
                2078,
                287,
                1310,
                674,
                1570,
                1573,
                294,
                2600,
                2089,
                170,
                938,
                2479,
                181,
                438,
                1206,
                572,
                2624,
                833,
                1090,
                451,
                1732,
                459,
                843,
                2386,
                1235,
                980,
                214,
                738,
                869,
                874,
                1391,
                1533
            ],
            "optimal_threshold": 0.012900000000000023,
            "roc_curve": {
                "fpr": [
                    0.0,
                    0.0003790750568612585,
                    0.001516300227445034,
                    0.002274450341167551,
                    0.003411675511751327,
                    0.004169825625473844,
                    0.00530705079605762,
                    0.006065200909780136,
                    0.006065200909780136,
                    0.006444275966641395,
                    0.006444275966641395,
                    1.0
                ],
                "tpr": [
                    0.0,
                    0.0,
                    0.0,
                    0.0,
                    0.0,
                    0.0,
                    0.0,
                    0.0,
                    0.07142857142857142,
                    0.07142857142857142,
                    0.5714285714285714,
                    1.0
                ],
                "thresholds": [
                    Infinity,
                    0.9981,
                    0.996,
                    0.9941,
                    0.9922,
                    0.9908,
                    0.9896,
                    0.989,
                    0.9878,
                    0.9872,
                    0.9871,
                    0.0
                ]
            }
        },
        "predicted_anomalies_len": 3,
        "batch_number": 47,
        "batch_time": "0:00:01.642896",
        "total_time": "0:01:03.747204",
        "cumulative_verified": 57,
        "copied_pending": 0
    },
    "anomalies": [
        {
            "anchor": 938,
            "neigh": [
                938,
                294,
                980,
                1362,
                2198,
                151,
                287
            ],
            "score": 0.0129,
            "freq": 0.0129,
            "weight": 0.00258493353028065,
            "original": true,
            "is_true": true
        },
        {
            "anchor": 843,
            "neigh": [
                843,
                294,
                980,
                1362,
                2198,
                151,
                287
            ],
            "score": 0.0129,
            "freq": 0.0129,
            "weight": 0.00258493353028065,
            "original": true,
            "is_true": true
        },
        {
            "anchor": 1975,
            "neigh": [
                1975,
                1224,
                1370,
                778,
                779,
                1919,
                1973,
                1525
            ],
            "score": 0.0065,
            "freq": 0.0065,
            "weight": 0.0029542097488921715,
            "original": true,
            "is_true": false
        }
    ]
}