{
    "stats": {
        "stat_results": {
            "accuracy": 0.981536189069424,
            "recall": 0.4714285714285714,
            "precision": 0.717391304347826,
            "f1": 0.5689655172413793,
            "auroc": 0.7321103649951263,
            "ap": 0.32515390331843996,
            "tp": 33,
            "tn": 2625,
            "fp": 13,
            "fn": 37,
            "true_pred_nodes": [
                2056,
                1674,
                143,
                1426,
                915,
                1818,
                1053,
                2078,
                287,
                1310,
                674,
                1570,
                1573,
                2089,
                170,
                2479,
                181,
                438,
                1206,
                2624,
                833,
                1090,
                451,
                1732,
                459,
                2386,
                1235,
                980,
                214,
                738,
                869,
                874,
                1533
            ],
            "optimal_threshold": 0.012900000000000023,
            "roc_curve": {
                "fpr": [
                    0.0,
                    0.0003790750568612585,
                    0.0018953752843062926,
                    0.00265352539802881,
                    0.0037907505686125853,
                    0.004548900682335102,
                    0.004548900682335102,
                    0.004927975739196361,
                    0.004927975739196361,
                    1.0
                ],
                "tpr": [
                    0.0,
                    0.0,
                    0.0,
                    0.0,
                    0.0,
                    0.0,
                    0.05714285714285714,
                    0.05714285714285714,
                    0.4714285714285714,
                    1.0
                ],
                "thresholds": [
                    Infinity,
                    0.998,
                    0.9922,
                    0.9908,
                    0.9896,
                    0.989,
                    0.9878,
                    0.9872,
                    0.9871,
                    0.0
                ]
            }
        },
        "predicted_anomalies_len": 3,
        "batch_number": 41,
        "batch_time": "0:00:01.342551",
        "total_time": "0:00:56.155168",
        "cumulative_verified": 46,
        "copied_pending": 0
    },
    "anomalies": [
        {
            "anchor": 2479,
            "neigh": [
                2479,
                674,
                781,
                143,
                181,
                1014,
                539
            ],
            "score": 0.0129,
            "freq": 0.0129,
            "weight": 0.00258493353028065,
            "original": true,
            "is_true": true
        },
        {
            "anchor": 1206,
            "neigh": [
                1206,
                641,
                2600,
                170,
                50,
                214,
                2078
            ],
            "score": 0.0129,
            "freq": 0.0129,
            "weight": 0.00258493353028065,
            "original": true,
            "is_true": true
        },
        {
            "anchor": 1818,
            "neigh": [
                1818,
                2624,
                1090,
                1540,
                76,
                660,
                1310
            ],
            "score": 0.0129,
            "freq": 0.0129,
            "weight": 0.00258493353028065,
            "original": true,
            "is_true": true
        }
    ]
}