{
    "stats": {
        "stat_results": {
            "accuracy": 0.9796898079763663,
            "recall": 0.3142857142857143,
            "precision": 0.7586206896551724,
            "f1": 0.4444444444444444,
            "auroc": 0.6554207733131161,
            "ap": 0.2356562929761116,
            "tp": 22,
            "tn": 2631,
            "fp": 7,
            "fn": 48,
            "true_pred_nodes": [
                833,
                1090,
                1732,
                2056,
                1674,
                143,
                2386,
                1426,
                980,
                214,
                1053,
                2078,
                287,
                1310,
                674,
                1570,
                1573,
                2089,
                170,
                181,
                438,
                1533
            ],
            "optimal_threshold": 0.012900000000000023,
            "roc_curve": {
                "fpr": [
                    0.0,
                    0.0003790750568612585,
                    0.001516300227445034,
                    0.002274450341167551,
                    0.002274450341167551,
                    0.00265352539802881,
                    0.00265352539802881,
                    1.0
                ],
                "tpr": [
                    0.0,
                    0.0,
                    0.0,
                    0.0,
                    0.05714285714285714,
                    0.05714285714285714,
                    0.3142857142857143,
                    1.0
                ],
                "thresholds": [
                    Infinity,
                    0.998,
                    0.9905,
                    0.989,
                    0.9878,
                    0.9872,
                    0.9871,
                    0.0
                ]
            }
        },
        "predicted_anomalies_len": 1,
        "batch_number": 27,
        "batch_time": "0:00:01.173222",
        "total_time": "0:00:36.116531",
        "cumulative_verified": 29,
        "copied_pending": 0
    },
    "anomalies": [
        {
            "anchor": 1689,
            "neigh": [
                1689,
                155,
                156,
                1358,
                90,
                1763,
                817,
                1736
            ],
            "score": 0.0078,
            "freq": 0.0078,
            "weight": 0.0029542097488921715,
            "original": true,
            "is_true": false
        }
    ]
}