{
    "stats": {
        "stat_results": {
            "accuracy": 0.9811669128508124,
            "recall": 0.42857142857142855,
            "precision": 0.7317073170731707,
            "f1": 0.5405405405405406,
            "auroc": 0.7113289288421966,
            "ap": 0.30287458284102625,
            "tp": 30,
            "tn": 2627,
            "fp": 11,
            "fn": 40,
            "true_pred_nodes": [
                2056,
                1674,
                143,
                1426,
                915,
                1053,
                2078,
                287,
                1310,
                674,
                1570,
                1573,
                2089,
                170,
                181,
                438,
                2624,
                833,
                1090,
                451,
                1732,
                459,
                2386,
                1235,
                980,
                214,
                738,
                869,
                874,
                1533
            ],
            "optimal_threshold": 0.012900000000000023,
            "roc_curve": {
                "fpr": [
                    0.0,
                    0.0003790750568612585,
                    0.003032600454890068,
                    0.0037907505686125853,
                    0.0037907505686125853,
                    0.004169825625473844,
                    0.004169825625473844,
                    1.0
                ],
                "tpr": [
                    0.0,
                    0.0,
                    0.0,
                    0.0,
                    0.05714285714285714,
                    0.05714285714285714,
                    0.42857142857142855,
                    1.0
                ],
                "thresholds": [
                    Infinity,
                    0.998,
                    0.9896,
                    0.989,
                    0.9878,
                    0.9872,
                    0.9871,
                    0.0
                ]
            }
        },
        "predicted_anomalies_len": 3,
        "batch_number": 36,
        "batch_time": "0:00:01.538336",
        "total_time": "0:00:47.970431",
        "cumulative_verified": 41,
        "copied_pending": 0
    },
    "anomalies": [
        {
            "anchor": 765,
            "neigh": [
                765,
                640,
                1147,
                2367,
                1598,
                1090,
                395
            ],
            "score": 0.0104,
            "freq": 0.0104,
            "weight": 0.00258493353028065,
            "original": true,
            "is_true": false
        },
        {
            "anchor": 451,
            "neigh": [
                451,
                1732,
                1547,
                1229,
                2475,
                572,
                869
            ],
            "score": 0.0129,
            "freq": 0.0129,
            "weight": 0.00258493353028065,
            "original": true,
            "is_true": true
        },
        {
            "anchor": 640,
            "neigh": [
                640,
                1090,
                1598,
                2367,
                1147,
                395,
                765
            ],
            "score": 0.0098,
            "freq": 0.0098,
            "weight": 0.00258493353028065,
            "original": true,
            "is_true": false
        }
    ]
}