{
    "stats": {
        "stat_results": {
            "accuracy": 0.9756277695716395,
            "recall": 0.11428571428571428,
            "precision": 0.6666666666666666,
            "f1": 0.1951219512195122,
            "auroc": 0.556298061301852,
            "ap": 0.09908560174439052,
            "tp": 8,
            "tn": 2634,
            "fp": 4,
            "fn": 62,
            "true_pred_nodes": [
                833,
                674,
                2056,
                2089,
                143,
                2386,
                1053,
                2078
            ],
            "optimal_threshold": 0.012900000000000023,
            "roc_curve": {
                "fpr": [
                    0.0,
                    0.0003790750568612585,
                    0.001516300227445034,
                    0.001516300227445034,
                    1.0
                ],
                "tpr": [
                    0.0,
                    0.0,
                    0.0,
                    0.11428571428571428,
                    1.0
                ],
                "thresholds": [
                    Infinity,
                    0.998,
                    0.9872,
                    0.9871,
                    0.0
                ]
            }
        },
        "predicted_anomalies_len": 2,
        "batch_number": 10,
        "batch_time": "0:00:01.129939",
        "total_time": "0:00:13.178375",
        "cumulative_verified": 12,
        "copied_pending": 0
    },
    "anomalies": [
        {
            "anchor": 2078,
            "neigh": [
                2078,
                641,
                2654,
                214,
                1854,
                2600,
                170
            ],
            "score": 0.0129,
            "freq": 0.0129,
            "weight": 0.00258493353028065,
            "original": true,
            "is_true": true
        },
        {
            "anchor": 1931,
            "neigh": [
                1931,
                507,
                1413,
                1542,
                1936,
                402,
                812
            ],
            "score": 0.011,
            "freq": 0.011,
            "weight": 0.00258493353028065,
            "original": true,
            "is_true": false
        }
    ]
}