{
    "stats": {
        "stat_results": {
            "accuracy": 0.9759970457902511,
            "recall": 0.12857142857142856,
            "precision": 0.6923076923076923,
            "f1": 0.21686746987951808,
            "auroc": 0.5634300877287989,
            "ap": 0.1115368383462918,
            "tp": 9,
            "tn": 2634,
            "fp": 4,
            "fn": 61,
            "true_pred_nodes": [
                833,
                674,
                2056,
                2089,
                1674,
                143,
                2386,
                1053,
                2078
            ],
            "optimal_threshold": 0.012900000000000023,
            "roc_curve": {
                "fpr": [
                    0.0,
                    0.0003790750568612585,
                    0.001516300227445034,
                    0.001516300227445034,
                    1.0
                ],
                "tpr": [
                    0.0,
                    0.0,
                    0.0,
                    0.12857142857142856,
                    1.0
                ],
                "thresholds": [
                    Infinity,
                    0.998,
                    0.9872,
                    0.9871,
                    0.0
                ]
            }
        },
        "predicted_anomalies_len": 0,
        "batch_number": 12,
        "batch_time": "0:00:01.710911",
        "total_time": "0:00:16.663904",
        "cumulative_verified": 13,
        "copied_pending": 0
    },
    "anomalies": []
}