{
    "stats": {
        "stat_results": {
            "accuracy": 0.9741506646971935,
            "recall": 0.014285714285714285,
            "precision": 0.5,
            "f1": 0.027777777777777776,
            "auroc": 0.5069506119354489,
            "ap": 0.03262291622705212,
            "tp": 1,
            "tn": 2637,
            "fp": 1,
            "fn": 69,
            "true_pred_nodes": [
                833
            ],
            "optimal_threshold": 0.012900000000000023,
            "roc_curve": {
                "fpr": [
                    0.0,
                    0.0003790750568612585,
                    0.0003790750568612585,
                    1.0
                ],
                "tpr": [
                    0.0,
                    0.0,
                    0.014285714285714285,
                    1.0
                ],
                "thresholds": [
                    Infinity,
                    0.996,
                    0.9871,
                    0.0
                ]
            }
        },
        "predicted_anomalies_len": 1,
        "batch_number": 2,
        "batch_time": "0:00:01.694488",
        "total_time": "0:00:04.046422",
        "cumulative_verified": 2,
        "copied_pending": 0
    },
    "anomalies": [
        {
            "anchor": 1077,
            "neigh": [
                1077,
                2113,
                1483,
                2450,
                389,
                704,
                1743,
                1412
            ],
            "score": 0.004,
            "freq": 0.004,
            "weight": 0.0029542097488921715,
            "original": true,
            "is_true": false
        }
    ]
}