{
    "stats": {
        "stat_results": {
            "accuracy": 0.9756277695716395,
            "recall": 0.1,
            "precision": 0.7,
            "f1": 0.175,
            "auroc": 0.549374526156179,
            "ap": 0.09326440177252585,
            "tp": 7,
            "tn": 2635,
            "fp": 3,
            "fn": 63,
            "true_pred_nodes": [
                833,
                674,
                2056,
                2089,
                143,
                2386,
                1053
            ],
            "optimal_threshold": 0.012900000000000023,
            "roc_curve": {
                "fpr": [
                    0.0,
                    0.0003790750568612585,
                    0.0011372251705837756,
                    0.0011372251705837756,
                    1.0
                ],
                "tpr": [
                    0.0,
                    0.0,
                    0.0,
                    0.1,
                    1.0
                ],
                "thresholds": [
                    Infinity,
                    0.998,
                    0.9872,
                    0.9871,
                    0.0
                ]
            }
        },
        "predicted_anomalies_len": 2,
        "batch_number": 7,
        "batch_time": "0:00:01.127671",
        "total_time": "0:00:09.904570",
        "cumulative_verified": 10,
        "copied_pending": 0
    },
    "anomalies": [
        {
            "anchor": 2089,
            "neigh": [
                2089,
                2121,
                781,
                143,
                539,
                181,
                1014
            ],
            "score": 0.0129,
            "freq": 0.0129,
            "weight": 0.00258493353028065,
            "original": true,
            "is_true": true
        },
        {
            "anchor": 674,
            "neigh": [
                674,
                2121,
                781,
                143,
                539,
                181,
                1014
            ],
            "score": 0.0129,
            "freq": 0.0129,
            "weight": 0.00258493353028065,
            "original": true,
            "is_true": true
        }
    ]
}