{
    "stats": {
        "stat_results": {
            "accuracy": 0.9767355982274741,
            "recall": 0.15714285714285714,
            "precision": 0.7333333333333333,
            "f1": 0.25882352941176473,
            "auroc": 0.5777049712986028,
            "ap": 0.12750158261236547,
            "tp": 11,
            "tn": 2634,
            "fp": 4,
            "fn": 59,
            "true_pred_nodes": [
                833,
                674,
                1573,
                2056,
                2089,
                1674,
                170,
                143,
                2386,
                1053,
                2078
            ],
            "optimal_threshold": 0.012900000000000023,
            "roc_curve": {
                "fpr": [
                    0.0,
                    0.0003790750568612585,
                    0.0011372251705837756,
                    0.0011372251705837756,
                    0.001516300227445034,
                    0.001516300227445034,
                    1.0
                ],
                "tpr": [
                    0.0,
                    0.0,
                    0.0,
                    0.02857142857142857,
                    0.02857142857142857,
                    0.15714285714285714,
                    1.0
                ],
                "thresholds": [
                    Infinity,
                    0.998,
                    0.989,
                    0.9878,
                    0.9872,
                    0.9871,
                    0.0
                ]
            }
        },
        "predicted_anomalies_len": 1,
        "batch_number": 14,
        "batch_time": "0:00:01.346936",
        "total_time": "0:00:19.670305",
        "cumulative_verified": 15,
        "copied_pending": 0
    },
    "anomalies": [
        {
            "anchor": 170,
            "neigh": [
                170,
                1358,
                2078,
                2600,
                50,
                2654,
                127,
                641
            ],
            "score": 0.0122,
            "freq": 0.0122,
            "weight": 0.0029542097488921715,
            "original": true,
            "is_true": true
        }
    ]
}