{
    "stats": {
        "stat_results": {
            "accuracy": 0.9811669128508124,
            "recall": 0.5,
            "precision": 0.6862745098039216,
            "f1": 0.5785123966942148,
            "auroc": 0.7454727607494855,
            "ap": 0.32887631146682417,
            "tp": 35,
            "tn": 2622,
            "fp": 16,
            "fn": 35,
            "true_pred_nodes": [
                2056,
                1674,
                143,
                1426,
                915,
                660,
                1818,
                1053,
                2078,
                287,
                1310,
                674,
                1570,
                1573,
                2089,
                170,
                2479,
                181,
                438,
                1206,
                2624,
                833,
                1090,
                451,
                1732,
                459,
                2386,
                1235,
                980,
                214,
                738,
                869,
                874,
                1391,
                1533
            ],
            "optimal_threshold": 0.012900000000000023,
            "roc_curve": {
                "fpr": [
                    0.0,
                    0.0003790750568612585,
                    0.001516300227445034,
                    0.002274450341167551,
                    0.003032600454890068,
                    0.0037907505686125853,
                    0.004927975739196361,
                    0.005686125852918878,
                    0.005686125852918878,
                    0.006065200909780136,
                    0.006065200909780136,
                    1.0
                ],
                "tpr": [
                    0.0,
                    0.0,
                    0.0,
                    0.0,
                    0.0,
                    0.0,
                    0.0,
                    0.0,
                    0.05714285714285714,
                    0.05714285714285714,
                    0.5,
                    1.0
                ],
                "thresholds": [
                    Infinity,
                    0.9981,
                    0.996,
                    0.9941,
                    0.9922,
                    0.9908,
                    0.9896,
                    0.989,
                    0.9878,
                    0.9872,
                    0.9871,
                    0.0
                ]
            }
        },
        "predicted_anomalies_len": 1,
        "batch_number": 44,
        "batch_time": "0:00:01.181391",
        "total_time": "0:00:59.864230",
        "cumulative_verified": 51,
        "copied_pending": 0
    },
    "anomalies": [
        {
            "anchor": 1391,
            "neigh": [
                1391,
                833,
                2307,
                1674,
                1035,
                915,
                1573
            ],
            "score": 0.0129,
            "freq": 0.0129,
            "weight": 0.00258493353028065,
            "original": true,
            "is_true": true
        }
    ]
}