{
    "stats": {
        "stat_results": {
            "accuracy": 0.9745199409158051,
            "recall": 0.014285714285714285,
            "precision": 1.0,
            "f1": 0.028169014084507043,
            "auroc": 0.5071428571428571,
            "ap": 0.03976577336990927,
            "tp": 1,
            "tn": 2638,
            "fp": 0,
            "fn": 69,
            "true_pred_nodes": [
                833
            ],
            "optimal_threshold": 0.012900000000000023,
            "roc_curve": {
                "fpr": [
                    0.0,
                    0.0,
                    1.0
                ],
                "tpr": [
                    0.0,
                    0.014285714285714285,
                    1.0
                ],
                "thresholds": [
                    Infinity,
                    0.9871,
                    0.0
                ]
            }
        },
        "predicted_anomalies_len": 1,
        "batch_number": 1,
        "batch_time": "0:00:02.351934",
        "total_time": "0:00:02.351934",
        "cumulative_verified": 1,
        "copied_pending": 0
    },
    "anomalies": [
        {
            "anchor": 833,
            "neigh": [
                833,
                1224,
                2307,
                1035,
                915,
                1573,
                1135
            ],
            "score": 0.0129,
            "freq": 0.0129,
            "weight": 0.00258493353028065,
            "original": true,
            "is_true": true
        }
    ]
}