{
    "stats": {
        "stat_results": {
            "accuracy": 0.9878138847858198,
            "recall": 0.8428571428571429,
            "precision": 0.7283950617283951,
            "f1": 0.7814569536423841,
            "auroc": 0.9137875013538396,
            "ap": 0.5608796613392912,
            "tp": 59,
            "tn": 2616,
            "fp": 22,
            "fn": 11,
            "true_pred_nodes": [
                2307,
                1540,
                2056,
                1547,
                1035,
                781,
                1818,
                539,
                1053,
                2078,
                287,
                1310,
                1533,
                1570,
                1573,
                294,
                2600,
                2089,
                50,
                311,
                572,
                1854,
                2624,
                833,
                1090,
                843,
                76,
                2386,
                1362,
                2654,
                869,
                874,
                1391,
                127,
                641,
                1674,
                143,
                1426,
                915,
                660,
                2198,
                674,
                170,
                938,
                2479,
                181,
                438,
                1206,
                451,
                1732,
                459,
                2506,
                1229,
                1235,
                980,
                214,
                738,
                1014,
                1783
            ],
            "optimal_threshold": 0.012900000000000023,
            "roc_curve": {
                "fpr": [
                    0.0,
                    0.0003790750568612585,
                    0.001516300227445034,
                    0.002274450341167551,
                    0.0037907505686125853,
                    0.00530705079605762,
                    0.005686125852918878,
                    0.007202426080363912,
                    0.00796057619408643,
                    0.00796057619408643,
                    0.00796057619408643,
                    0.008339651250947688,
                    0.008339651250947688,
                    1.0
                ],
                "tpr": [
                    0.0,
                    0.0,
                    0.0,
                    0.0,
                    0.0,
                    0.0,
                    0.0,
                    0.0,
                    0.0,
                    0.02857142857142857,
                    0.11428571428571428,
                    0.11428571428571428,
                    0.8428571428571429,
                    1.0
                ],
                "thresholds": [
                    Infinity,
                    0.9981,
                    0.996,
                    0.9941,
                    0.9918,
                    0.9905,
                    0.9902,
                    0.989,
                    0.9886,
                    0.988,
                    0.9878,
                    0.9872,
                    0.9871,
                    0.0
                ]
            }
        },
        "predicted_anomalies_len": 0,
        "batch_number": 67,
        "batch_time": "0:00:01.030598",
        "total_time": "0:01:30.105384",
        "cumulative_verified": 81,
        "copied_pending": 0
    },
    "anomalies": []
}