{
    "stats": {
        "stat_results": {
            "accuracy": 0.9826440177252584,
            "recall": 0.5857142857142857,
            "precision": 0.6949152542372882,
            "f1": 0.6356589147286822,
            "auroc": 0.7874742770497131,
            "ap": 0.3843277644669629,
            "tp": 41,
            "tn": 2620,
            "fp": 18,
            "fn": 29,
            "true_pred_nodes": [
                2056,
                1674,
                143,
                1426,
                915,
                660,
                1818,
                1053,
                2078,
                287,
                1310,
                674,
                1570,
                1573,
                294,
                2600,
                2089,
                170,
                938,
                2479,
                181,
                438,
                1206,
                572,
                2624,
                833,
                1090,
                451,
                1732,
                459,
                843,
                2386,
                1235,
                980,
                1362,
                214,
                738,
                869,
                874,
                1391,
                1533
            ],
            "optimal_threshold": 0.012900000000000023,
            "roc_curve": {
                "fpr": [
                    0.0,
                    0.0003790750568612585,
                    0.001516300227445034,
                    0.002274450341167551,
                    0.003411675511751327,
                    0.004169825625473844,
                    0.004927975739196361,
                    0.006444275966641395,
                    0.006444275966641395,
                    0.006823351023502654,
                    0.006823351023502654,
                    1.0
                ],
                "tpr": [
                    0.0,
                    0.0,
                    0.0,
                    0.0,
                    0.0,
                    0.0,
                    0.0,
                    0.0,
                    0.07142857142857142,
                    0.07142857142857142,
                    0.5857142857142857,
                    1.0
                ],
                "thresholds": [
                    Infinity,
                    0.9981,
                    0.996,
                    0.9941,
                    0.9922,
                    0.9908,
                    0.9902,
                    0.989,
                    0.9878,
                    0.9872,
                    0.9871,
                    0.0
                ]
            }
        },
        "predicted_anomalies_len": 2,
        "batch_number": 48,
        "batch_time": "0:00:01.497830",
        "total_time": "0:01:05.245034",
        "cumulative_verified": 59,
        "copied_pending": 0
    },
    "anomalies": [
        {
            "anchor": 395,
            "neigh": [
                395,
                640,
                1147,
                2367,
                1090,
                1598,
                765
            ],
            "score": 0.0104,
            "freq": 0.0104,
            "weight": 0.00258493353028065,
            "original": true,
            "is_true": false
        },
        {
            "anchor": 1362,
            "neigh": [
                1362,
                294,
                938,
                843,
                980,
                2518,
                151
            ],
            "score": 0.0129,
            "freq": 0.0129,
            "weight": 0.00258493353028065,
            "original": true,
            "is_true": true
        }
    ]
}