{
    "stats": {
        "stat_results": {
            "accuracy": 0.9785819793205317,
            "recall": 0.24285714285714285,
            "precision": 0.7727272727272727,
            "f1": 0.3695652173913043,
            "auroc": 0.6202615617892343,
            "ap": 0.19467986469463575,
            "tp": 17,
            "tn": 2633,
            "fp": 5,
            "fn": 53,
            "true_pred_nodes": [
                833,
                1090,
                2056,
                1674,
                143,
                2386,
                980,
                214,
                1053,
                2078,
                287,
                674,
                1570,
                1573,
                2089,
                170,
                1533
            ],
            "optimal_threshold": 0.012900000000000023,
            "roc_curve": {
                "fpr": [
                    0.0,
                    0.0003790750568612585,
                    0.001516300227445034,
                    0.001516300227445034,
                    0.0018953752843062926,
                    0.0018953752843062926,
                    1.0
                ],
                "tpr": [
                    0.0,
                    0.0,
                    0.0,
                    0.02857142857142857,
                    0.02857142857142857,
                    0.24285714285714285,
                    1.0
                ],
                "thresholds": [
                    Infinity,
                    0.998,
                    0.989,
                    0.9878,
                    0.9872,
                    0.9871,
                    0.0
                ]
            }
        },
        "predicted_anomalies_len": 1,
        "batch_number": 24,
        "batch_time": "0:00:01.715052",
        "total_time": "0:00:31.759280",
        "cumulative_verified": 22,
        "copied_pending": 0
    },
    "anomalies": [
        {
            "anchor": 980,
            "neigh": [
                980,
                1901,
                843,
                151,
                1362,
                2198,
                287
            ],
            "score": 0.0129,
            "freq": 0.0129,
            "weight": 0.00258493353028065,
            "original": true,
            "is_true": true
        }
    ]
}