{
    "stats": {
        "stat_results": {
            "accuracy": 0.9796898079763663,
            "recall": 0.32857142857142857,
            "precision": 0.7419354838709677,
            "f1": 0.45544554455445546,
            "auroc": 0.6622928625582152,
            "ap": 0.23951769153322494,
            "tp": 23,
            "tn": 2630,
            "fp": 8,
            "fn": 47,
            "true_pred_nodes": [
                833,
                1090,
                1732,
                2056,
                1674,
                143,
                2386,
                1426,
                980,
                214,
                1053,
                2078,
                287,
                1310,
                674,
                1570,
                1573,
                869,
                2089,
                170,
                181,
                438,
                1533
            ],
            "optimal_threshold": 0.012900000000000023,
            "roc_curve": {
                "fpr": [
                    0.0,
                    0.0003790750568612585,
                    0.0018953752843062926,
                    0.00265352539802881,
                    0.00265352539802881,
                    0.003032600454890068,
                    0.003032600454890068,
                    1.0
                ],
                "tpr": [
                    0.0,
                    0.0,
                    0.0,
                    0.0,
                    0.05714285714285714,
                    0.05714285714285714,
                    0.32857142857142857,
                    1.0
                ],
                "thresholds": [
                    Infinity,
                    0.998,
                    0.9905,
                    0.989,
                    0.9878,
                    0.9872,
                    0.9871,
                    0.0
                ]
            }
        },
        "predicted_anomalies_len": 2,
        "batch_number": 28,
        "batch_time": "0:00:01.167165",
        "total_time": "0:00:37.283696",
        "cumulative_verified": 31,
        "copied_pending": 0
    },
    "anomalies": [
        {
            "anchor": 869,
            "neigh": [
                869,
                1229,
                451,
                1547,
                1732,
                2475,
                572
            ],
            "score": 0.0129,
            "freq": 0.0129,
            "weight": 0.00258493353028065,
            "original": true,
            "is_true": true
        },
        {
            "anchor": 2249,
            "neigh": [
                2249,
                2248,
                1257,
                2518,
                2671,
                1135,
                1071,
                996
            ],
            "score": 0.0034,
            "freq": 0.0034,
            "weight": 0.0029542097488921715,
            "original": true,
            "is_true": false
        }
    ]
}