{
    "stats": {
        "stat_results": {
            "accuracy": 0.9745199409158051,
            "recall": 0.05714285714285714,
            "precision": 0.5714285714285714,
            "f1": 0.1038961038961039,
            "auroc": 0.5279703238384057,
            "ap": 0.05702529165285021,
            "tp": 4,
            "tn": 2635,
            "fp": 3,
            "fn": 66,
            "true_pred_nodes": [
                833,
                2386,
                1053,
                143
            ],
            "optimal_threshold": 0.012900000000000023,
            "roc_curve": {
                "fpr": [
                    0.0,
                    0.0003790750568612585,
                    0.0011372251705837756,
                    0.0011372251705837756,
                    1.0
                ],
                "tpr": [
                    0.0,
                    0.0,
                    0.0,
                    0.05714285714285714,
                    1.0
                ],
                "thresholds": [
                    Infinity,
                    0.998,
                    0.9872,
                    0.9871,
                    0.0
                ]
            }
        },
        "predicted_anomalies_len": 1,
        "batch_number": 5,
        "batch_time": "0:00:01.811498",
        "total_time": "0:00:08.014547",
        "cumulative_verified": 7,
        "copied_pending": 0
    },
    "anomalies": [
        {
            "anchor": 428,
            "neigh": [
                428,
                996,
                2248,
                1257,
                1135,
                2671,
                1071,
                2249
            ],
            "score": 0.0128,
            "freq": 0.0128,
            "weight": 0.0029542097488921715,
            "original": true,
            "is_true": false
        }
    ]
}