{
    "stats": {
        "stat_results": {
            "accuracy": 0.9863367799113737,
            "recall": 0.7571428571428571,
            "precision": 0.726027397260274,
            "f1": 0.7412587412587412,
            "auroc": 0.8719484457922668,
            "ap": 0.5071726227072132,
            "tp": 53,
            "tn": 2618,
            "fp": 20,
            "fn": 17,
            "true_pred_nodes": [
                2307,
                1540,
                2056,
                1674,
                143,
                1426,
                915,
                660,
                2198,
                1818,
                539,
                1053,
                2078,
                287,
                1310,
                674,
                1570,
                1573,
                294,
                2600,
                2089,
                170,
                938,
                2479,
                50,
                181,
                438,
                1206,
                311,
                572,
                1854,
                2624,
                833,
                1090,
                451,
                1732,
                459,
                843,
                1229,
                76,
                2506,
                2386,
                1235,
                980,
                1362,
                214,
                738,
                869,
                874,
                1391,
                1014,
                1533,
                127
            ],
            "optimal_threshold": 0.012900000000000023,
            "roc_curve": {
                "fpr": [
                    0.0,
                    0.0003790750568612585,
                    0.001516300227445034,
                    0.002274450341167551,
                    0.003411675511751327,
                    0.004927975739196361,
                    0.00530705079605762,
                    0.006823351023502654,
                    0.007202426080363912,
                    0.007202426080363912,
                    0.007202426080363912,
                    0.0075815011372251705,
                    0.0075815011372251705,
                    1.0
                ],
                "tpr": [
                    0.0,
                    0.0,
                    0.0,
                    0.0,
                    0.0,
                    0.0,
                    0.0,
                    0.0,
                    0.0,
                    0.014285714285714285,
                    0.1,
                    0.1,
                    0.7571428571428571,
                    1.0
                ],
                "thresholds": [
                    Infinity,
                    0.9981,
                    0.996,
                    0.9941,
                    0.9922,
                    0.9905,
                    0.9902,
                    0.989,
                    0.9888,
                    0.988,
                    0.9878,
                    0.9872,
                    0.9871,
                    0.0
                ]
            }
        },
        "predicted_anomalies_len": 2,
        "batch_number": 62,
        "batch_time": "0:00:01.025162",
        "total_time": "0:01:23.935332",
        "cumulative_verified": 73,
        "copied_pending": 0
    },
    "anomalies": [
        {
            "anchor": 1540,
            "neigh": [
                1540,
                1310,
                2624,
                1090,
                1570,
                76,
                1426
            ],
            "score": 0.0129,
            "freq": 0.0129,
            "weight": 0.00258493353028065,
            "original": true,
            "is_true": true
        },
        {
            "anchor": 2198,
            "neigh": [
                2198,
                964,
                938,
                843,
                1362,
                980,
                151,
                287
            ],
            "score": 0.0122,
            "freq": 0.0122,
            "weight": 0.0029542097488921715,
            "original": true,
            "is_true": true
        }
    ]
}