{
    "stats": {
        "stat_results": {
            "accuracy": 0.9867060561299852,
            "recall": 0.7714285714285715,
            "precision": 0.7297297297297297,
            "f1": 0.75,
            "auroc": 0.8790425647135275,
            "ap": 0.5135630128666634,
            "tp": 54,
            "tn": 2618,
            "fp": 20,
            "fn": 16,
            "true_pred_nodes": [
                2307,
                1540,
                2056,
                1674,
                143,
                1426,
                915,
                660,
                2198,
                1818,
                539,
                1053,
                2078,
                287,
                1310,
                674,
                1570,
                1573,
                294,
                2600,
                2089,
                170,
                938,
                2479,
                50,
                181,
                438,
                1206,
                311,
                572,
                1854,
                2624,
                833,
                1090,
                451,
                1732,
                459,
                843,
                1229,
                76,
                2506,
                2386,
                1235,
                980,
                1362,
                214,
                738,
                869,
                874,
                1391,
                1014,
                1783,
                1533,
                127
            ],
            "optimal_threshold": 0.012900000000000023,
            "roc_curve": {
                "fpr": [
                    0.0,
                    0.0003790750568612585,
                    0.001516300227445034,
                    0.002274450341167551,
                    0.003411675511751327,
                    0.004927975739196361,
                    0.00530705079605762,
                    0.006823351023502654,
                    0.007202426080363912,
                    0.007202426080363912,
                    0.007202426080363912,
                    0.0075815011372251705,
                    0.0075815011372251705,
                    1.0
                ],
                "tpr": [
                    0.0,
                    0.0,
                    0.0,
                    0.0,
                    0.0,
                    0.0,
                    0.0,
                    0.0,
                    0.0,
                    0.02857142857142857,
                    0.11428571428571428,
                    0.11428571428571428,
                    0.7714285714285715,
                    1.0
                ],
                "thresholds": [
                    Infinity,
                    0.9981,
                    0.996,
                    0.9941,
                    0.9922,
                    0.9905,
                    0.9902,
                    0.989,
                    0.9888,
                    0.988,
                    0.9878,
                    0.9872,
                    0.9871,
                    0.0
                ]
            }
        },
        "predicted_anomalies_len": 1,
        "batch_number": 63,
        "batch_time": "0:00:02.040359",
        "total_time": "0:01:25.975691",
        "cumulative_verified": 74,
        "copied_pending": 0
    },
    "anomalies": [
        {
            "anchor": 1783,
            "neigh": [
                1783,
                1767,
                1623,
                2056,
                1053,
                311,
                459,
                2386
            ],
            "score": 0.012,
            "freq": 0.012,
            "weight": 0.0029542097488921715,
            "original": true,
            "is_true": true
        }
    ]
}