{
    "stats": {
        "stat_results": {
            "accuracy": 0.9785819793205317,
            "recall": 0.22857142857142856,
            "precision": 0.8,
            "f1": 0.35555555555555557,
            "auroc": 0.613365103433337,
            "ap": 0.1913694872335936,
            "tp": 16,
            "tn": 2634,
            "fp": 4,
            "fn": 54,
            "true_pred_nodes": [
                833,
                1090,
                2056,
                1674,
                143,
                2386,
                214,
                1053,
                2078,
                287,
                674,
                1570,
                1573,
                2089,
                170,
                1533
            ],
            "optimal_threshold": 0.012900000000000023,
            "roc_curve": {
                "fpr": [
                    0.0,
                    0.0003790750568612585,
                    0.0011372251705837756,
                    0.0011372251705837756,
                    0.001516300227445034,
                    0.001516300227445034,
                    1.0
                ],
                "tpr": [
                    0.0,
                    0.0,
                    0.0,
                    0.02857142857142857,
                    0.02857142857142857,
                    0.22857142857142856,
                    1.0
                ],
                "thresholds": [
                    Infinity,
                    0.998,
                    0.989,
                    0.9878,
                    0.9872,
                    0.9871,
                    0.0
                ]
            }
        },
        "predicted_anomalies_len": 0,
        "batch_number": 21,
        "batch_time": "0:00:01.004037",
        "total_time": "0:00:28.449458",
        "cumulative_verified": 20,
        "copied_pending": 0
    },
    "anomalies": []
}