{
    "dataset": "inj_cora",
    "stat_results": {
        "accuracy": 0.9763663220088626,
        "recall": 0.9428571428571428,
        "precision": 0.5238095238095238,
        "f1": 0.673469387755102,
        "auroc": 0.9585616809271092,
        "ap": 0.4938056079188269,
        "tp": 66,
        "tn": 2578,
        "fp": 60,
        "fn": 4,
        "true_pred_nodes": [
            2307,
            1540,
            2056,
            1035,
            1547,
            781,
            1818,
            539,
            1053,
            2078,
            287,
            1310,
            1570,
            1573,
            294,
            2600,
            2089,
            50,
            311,
            572,
            1854,
            2624,
            833,
            1090,
            2121,
            843,
            76,
            2386,
            1362,
            1623,
            2654,
            869,
            874,
            1391,
            1135,
            124,
            127,
            641,
            1674,
            143,
            1426,
            915,
            660,
            2198,
            151,
            674,
            938,
            170,
            2475,
            2479,
            181,
            438,
            1206,
            451,
            1732,
            1224,
            459,
            2506,
            1229,
            1235,
            980,
            214,
            738,
            1014,
            1783,
            1533
        ],
        "optimal_threshold": 0.012900000000000023,
        "roc_curve": {
            "fpr": [
                0.0,
                0.01288855193328279,
                0.013267626990144048,
                0.014025777103866566,
                0.0155420773313116,
                0.016300227445034118,
                0.016679302501895376,
                0.01781652767247915,
                0.018953752843062926,
                0.019711902956785442,
                0.019711902956785442,
                0.0200909780136467,
                0.021607278241091737,
                0.022365428354814254,
                0.022365428354814254,
                0.022365428354814254,
                0.022744503411675512,
                0.022744503411675512,
                1.0
            ],
            "tpr": [
                0.0,
                0.5571428571428572,
                0.5571428571428572,
                0.5571428571428572,
                0.5571428571428572,
                0.5571428571428572,
                0.5571428571428572,
                0.5571428571428572,
                0.5571428571428572,
                0.5571428571428572,
                0.6,
                0.6,
                0.6,
                0.6,
                0.6142857142857143,
                0.6428571428571429,
                0.6428571428571429,
                0.9428571428571428,
                1.0
            ],
            "thresholds": [
                Infinity,
                1.0,
                0.998,
                0.9975,
                0.9953,
                0.9941,
                0.9935,
                0.9929,
                0.9909,
                0.9908,
                0.9904,
                0.9896,
                0.989,
                0.9887,
                0.988,
                0.9878,
                0.9872,
                0.9871,
                0.0
            ]
        }
    },
    "verified_count": 126,
    "starting_nodes_count": 1109,
    "total_time": "0:01:11.525492"
}