{
    "stats": {
        "stat_results": {
            "accuracy": 0.9855982274741507,
            "recall": 0.5571428571428572,
            "precision": 0.8297872340425532,
            "f1": 0.6666666666666666,
            "auroc": 0.7762671937615077,
            "ap": 0.4049590137790214,
            "tp": 39,
            "tn": 2630,
            "fp": 8,
            "fn": 31,
            "true_pred_nodes": [
                641,
                2307,
                1540,
                2056,
                1547,
                143,
                915,
                151,
                1053,
                2078,
                287,
                1310,
                1573,
                294,
                938,
                170,
                2475,
                438,
                311,
                572,
                833,
                451,
                1732,
                1224,
                2121,
                843,
                1229,
                2386,
                1362,
                980,
                2518,
                1623,
                869,
                874,
                1901,
                1133,
                1391,
                1783,
                1533
            ],
            "optimal_threshold": 0.012900000000000023,
            "roc_curve": {
                "fpr": [
                    0.0,
                    0.0003790750568612585,
                    0.0011372251705837756,
                    0.001516300227445034,
                    0.0018953752843062926,
                    0.002274450341167551,
                    0.002274450341167551,
                    0.00265352539802881,
                    0.003032600454890068,
                    0.003032600454890068,
                    0.003032600454890068,
                    0.003032600454890068,
                    1.0
                ],
                "tpr": [
                    0.0,
                    0.0,
                    0.0,
                    0.014285714285714285,
                    0.014285714285714285,
                    0.02857142857142857,
                    0.04285714285714286,
                    0.05714285714285714,
                    0.05714285714285714,
                    0.12857142857142856,
                    0.22857142857142856,
                    0.5571428571428572,
                    1.0
                ],
                "thresholds": [
                    Infinity,
                    0.998,
                    0.996,
                    0.9935,
                    0.9909,
                    0.9908,
                    0.9901,
                    0.9895,
                    0.9888,
                    0.988,
                    0.9878,
                    0.9871,
                    0.0
                ]
            }
        },
        "predicted_anomalies_len": 8,
        "batch_number": 3,
        "batch_time": "0:00:08.798826",
        "total_time": "0:00:26.855974",
        "cumulative_verified": 47,
        "copied_pending": 87
    },
    "anomalies": [
        {
            "anchor": 641,
            "neigh": [
                641,
                2600,
                2654,
                50,
                2078,
                127,
                1206
            ],
            "score": 0.0129,
            "freq": 0.0129,
            "weight": 0.00258493353028065,
            "original": true,
            "is_true": true
        },
        {
            "anchor": 451,
            "neigh": [
                451,
                869,
                1229,
                2475,
                1732,
                572,
                1133
            ],
            "score": 0.0129,
            "freq": 0.0129,
            "weight": 0.00258493353028065,
            "original": true,
            "is_true": true
        },
        {
            "anchor": 1547,
            "neigh": [
                1547,
                869,
                1229,
                2475,
                1732,
                572,
                1133
            ],
            "score": 0.0129,
            "freq": 0.0129,
            "weight": 0.00258493353028065,
            "original": true,
            "is_true": true
        },
        {
            "anchor": 170,
            "neigh": [
                170,
                1358,
                2654,
                50,
                2078,
                127,
                1206,
                214
            ],
            "score": 0.0122,
            "freq": 0.0122,
            "weight": 0.0029542097488921715,
            "original": true,
            "is_true": true
        },
        {
            "anchor": 1077,
            "neigh": [
                1077,
                1483,
                2113,
                389,
                2450,
                1743,
                704,
                1412
            ],
            "score": 0.004,
            "freq": 0.004,
            "weight": 0.0029542097488921715,
            "original": true,
            "is_true": false
        },
        {
            "anchor": 1940,
            "neigh": [
                1940,
                1542,
                402,
                1300,
                507,
                1413,
                812,
                251
            ],
            "score": 0.0112,
            "freq": 0.0112,
            "weight": 0.0029542097488921715,
            "original": true,
            "is_true": false
        },
        {
            "anchor": 1573,
            "neigh": [
                1573,
                598,
                833,
                1224,
                2307,
                915,
                1035,
                1135
            ],
            "score": 0.0122,
            "freq": 0.0122,
            "weight": 0.0029542097488921715,
            "original": true,
            "is_true": true
        },
        {
            "anchor": 2442,
            "neigh": [
                2442,
                1229,
                657,
                867,
                2440,
                871,
                2530,
                2439
            ],
            "score": 0.0092,
            "freq": 0.0092,
            "weight": 0.0029542097488921715,
            "original": true,
            "is_true": false
        }
    ]
}