{
    "stats": {
        "stat_results": {
            "accuracy": 0.9819054652880355,
            "recall": 0.37142857142857144,
            "precision": 0.8387096774193549,
            "f1": 0.5148514851485149,
            "auroc": 0.6844362612368678,
            "ap": 0.28464736193747014,
            "tp": 26,
            "tn": 2633,
            "fp": 5,
            "fn": 44,
            "true_pred_nodes": [
                1540,
                2056,
                2121,
                843,
                1783,
                1224,
                143,
                2386,
                1362,
                980,
                2518,
                151,
                1623,
                311,
                2078,
                287,
                1310,
                1053,
                294,
                938,
                874,
                1901,
                1391,
                438,
                572,
                1533
            ],
            "optimal_threshold": 0.012900000000000023,
            "roc_curve": {
                "fpr": [
                    0.0,
                    0.0003790750568612585,
                    0.000758150113722517,
                    0.0011372251705837756,
                    0.001516300227445034,
                    0.001516300227445034,
                    0.0018953752843062926,
                    0.0018953752843062926,
                    0.0018953752843062926,
                    0.0018953752843062926,
                    1.0
                ],
                "tpr": [
                    0.0,
                    0.0,
                    0.0,
                    0.014285714285714285,
                    0.014285714285714285,
                    0.02857142857142857,
                    0.04285714285714286,
                    0.11428571428571428,
                    0.14285714285714285,
                    0.37142857142857144,
                    1.0
                ],
                "thresholds": [
                    Infinity,
                    0.998,
                    0.9975,
                    0.9935,
                    0.9909,
                    0.9901,
                    0.9895,
                    0.988,
                    0.9878,
                    0.9871,
                    0.0
                ]
            }
        },
        "predicted_anomalies_len": 11,
        "batch_number": 2,
        "batch_time": "0:00:08.638350",
        "total_time": "0:00:18.057148",
        "cumulative_verified": 31,
        "copied_pending": 71
    },
    "anomalies": [
        {
            "anchor": 1533,
            "neigh": [
                1533,
                76,
                1570,
                1818,
                1540,
                660,
                2624
            ],
            "score": 0.0129,
            "freq": 0.0129,
            "weight": 0.00258493353028065,
            "original": true,
            "is_true": true
        },
        {
            "anchor": 1525,
            "neigh": [
                1525,
                1224,
                1370,
                778,
                779,
                1919,
                1914
            ],
            "score": 0.0025,
            "freq": 0.0025,
            "weight": 0.00258493353028065,
            "original": true,
            "is_true": false
        },
        {
            "anchor": 1310,
            "neigh": [
                1310,
                76,
                1570,
                1818,
                1540,
                660,
                2624
            ],
            "score": 0.0129,
            "freq": 0.0129,
            "weight": 0.00258493353028065,
            "original": true,
            "is_true": true
        },
        {
            "anchor": 938,
            "neigh": [
                938,
                294,
                843,
                1362,
                980,
                151,
                2198
            ],
            "score": 0.0129,
            "freq": 0.0129,
            "weight": 0.00258493353028065,
            "original": true,
            "is_true": true
        },
        {
            "anchor": 2121,
            "neigh": [
                2121,
                781,
                2126,
                143,
                539,
                181,
                1014
            ],
            "score": 0.0129,
            "freq": 0.0129,
            "weight": 0.00258493353028065,
            "original": true,
            "is_true": true
        },
        {
            "anchor": 1391,
            "neigh": [
                1391,
                2307,
                833,
                1674,
                1035,
                915,
                1573
            ],
            "score": 0.0129,
            "freq": 0.0129,
            "weight": 0.00258493353028065,
            "original": true,
            "is_true": true
        },
        {
            "anchor": 1783,
            "neigh": [
                1783,
                1767,
                1623,
                311,
                2056,
                874,
                1053,
                2386
            ],
            "score": 0.012,
            "freq": 0.012,
            "weight": 0.0029542097488921715,
            "original": true,
            "is_true": true
        },
        {
            "anchor": 1975,
            "neigh": [
                1975,
                1224,
                1370,
                778,
                779,
                1919,
                1973,
                1525
            ],
            "score": 0.0065,
            "freq": 0.0065,
            "weight": 0.0029542097488921715,
            "original": true,
            "is_true": false
        },
        {
            "anchor": 2078,
            "neigh": [
                2078,
                306,
                236,
                2045,
                109,
                153,
                2046,
                126
            ],
            "score": 0.0099,
            "freq": 0.0099,
            "weight": 0.0029542097488921715,
            "original": true,
            "is_true": true
        },
        {
            "anchor": 562,
            "neigh": [
                562,
                1735,
                1483,
                704,
                2450,
                1412,
                969,
                1743
            ],
            "score": 0.002,
            "freq": 0.002,
            "weight": 0.0029542097488921715,
            "original": true,
            "is_true": false
        },
        {
            "anchor": 1139,
            "neigh": [
                1139,
                1628,
                2054,
                1540,
                525,
                2182,
                95,
                2172
            ],
            "score": 0.0105,
            "freq": 0.0105,
            "weight": 0.0029542097488921715,
            "original": true,
            "is_true": false
        }
    ]
}