{
    "stats": {
        "stat_results": {
            "accuracy": 0.9796898079763663,
            "recall": 0.6,
            "precision": 0.6086956521739131,
            "f1": 0.60431654676259,
            "auroc": 0.7921071157803531,
            "ap": 0.2980665363044465,
            "tp": 42,
            "tn": 2611,
            "fp": 27,
            "fn": 28,
            "true_pred_nodes": [
                641,
                2307,
                1540,
                2056,
                1547,
                143,
                915,
                151,
                1053,
                2078,
                287,
                1310,
                1573,
                294,
                2600,
                938,
                170,
                2475,
                50,
                438,
                311,
                572,
                833,
                451,
                1732,
                1224,
                2121,
                843,
                1229,
                2386,
                1362,
                980,
                2518,
                1623,
                214,
                869,
                874,
                1901,
                1133,
                1391,
                1783,
                1533
            ],
            "optimal_threshold": 0.012900000000000023,
            "roc_curve": {
                "fpr": [
                    0.0,
                    0.0003790750568612585,
                    0.001516300227445034,
                    0.003411675511751327,
                    0.0037907505686125853,
                    0.004927975739196361,
                    0.00530705079605762,
                    0.005686125852918878,
                    0.005686125852918878,
                    0.006065200909780136,
                    0.0075815011372251705,
                    0.008339651250947688,
                    0.01023502653525398,
                    0.01023502653525398,
                    0.01023502653525398,
                    0.01023502653525398,
                    1.0
                ],
                "tpr": [
                    0.0,
                    0.0,
                    0.0,
                    0.0,
                    0.014285714285714285,
                    0.014285714285714285,
                    0.02857142857142857,
                    0.02857142857142857,
                    0.04285714285714286,
                    0.05714285714285714,
                    0.05714285714285714,
                    0.05714285714285714,
                    0.05714285714285714,
                    0.12857142857142856,
                    0.24285714285714285,
                    0.6,
                    1.0
                ],
                "thresholds": [
                    Infinity,
                    0.998,
                    0.9953,
                    0.9941,
                    0.9935,
                    0.9909,
                    0.9908,
                    0.9905,
                    0.9901,
                    0.9895,
                    0.989,
                    0.9886,
                    0.9881,
                    0.988,
                    0.9878,
                    0.9871,
                    0.0
                ]
            }
        },
        "predicted_anomalies_len": 5,
        "batch_number": 5,
        "batch_time": "0:00:07.426292",
        "total_time": "0:00:42.397069",
        "cumulative_verified": 69,
        "copied_pending": 105
    },
    "anomalies": [
        {
            "anchor": 219,
            "neigh": [
                219,
                507,
                1413,
                1542,
                1931,
                1936,
                402
            ],
            "score": 0.011,
            "freq": 0.011,
            "weight": 0.00258493353028065,
            "original": true,
            "is_true": false
        },
        {
            "anchor": 436,
            "neigh": [
                436,
                483,
                816,
                1980,
                1979,
                2405,
                1842,
                120
            ],
            "score": 0.0071,
            "freq": 0.0071,
            "weight": 0.0029542097488921715,
            "original": true,
            "is_true": false
        },
        {
            "anchor": 1412,
            "neigh": [
                1412,
                704,
                2450,
                1743,
                1483,
                2113,
                389,
                969
            ],
            "score": 0.0059,
            "freq": 0.0059,
            "weight": 0.0029542097488921715,
            "original": true,
            "is_true": false
        },
        {
            "anchor": 2600,
            "neigh": [
                2600,
                832,
                641,
                170,
                2078,
                50,
                1854,
                214
            ],
            "score": 0.0122,
            "freq": 0.0122,
            "weight": 0.0029542097488921715,
            "original": true,
            "is_true": true
        },
        {
            "anchor": 368,
            "neigh": [
                368,
                996,
                428,
                1257,
                2248,
                2249,
                2518,
                2671
            ],
            "score": 0.0047,
            "freq": 0.0047,
            "weight": 0.0029542097488921715,
            "original": true,
            "is_true": false
        }
    ]
}