{
    "stats": {
        "stat_results": {
            "accuracy": 0.9826440177252584,
            "recall": 0.8571428571428571,
            "precision": 0.6185567010309279,
            "f1": 0.718562874251497,
            "auroc": 0.9162541969024153,
            "ap": 0.4401921793129255,
            "tp": 60,
            "tn": 2601,
            "fp": 37,
            "fn": 10,
            "true_pred_nodes": [
                1540,
                2056,
                1547,
                1035,
                539,
                1053,
                2078,
                1570,
                1573,
                2600,
                50,
                572,
                2624,
                1090,
                2121,
                76,
                1623,
                1133,
                1135,
                641,
                143,
                660,
                151,
                674,
                170,
                181,
                1206,
                1732,
                1224,
                1229,
                214,
                738,
                1783,
                2307,
                781,
                1818,
                1310,
                287,
                294,
                311,
                833,
                843,
                2386,
                1362,
                869,
                874,
                1901,
                1391,
                915,
                938,
                2475,
                2479,
                438,
                451,
                2506,
                459,
                980,
                2518,
                1014,
                1533
            ],
            "optimal_threshold": 0.012900000000000023,
            "roc_curve": {
                "fpr": [
                    0.0,
                    0.0003790750568612585,
                    0.001516300227445034,
                    0.004927975739196361,
                    0.00530705079605762,
                    0.006444275966641395,
                    0.006823351023502654,
                    0.007202426080363912,
                    0.007202426080363912,
                    0.00796057619408643,
                    0.008339651250947688,
                    0.009855951478392721,
                    0.01061410159211524,
                    0.012509476876421531,
                    0.012509476876421531,
                    0.012509476876421531,
                    0.014025777103866566,
                    0.014025777103866566,
                    1.0
                ],
                "tpr": [
                    0.0,
                    0.0,
                    0.0,
                    0.0,
                    0.014285714285714285,
                    0.014285714285714285,
                    0.02857142857142857,
                    0.02857142857142857,
                    0.04285714285714286,
                    0.04285714285714286,
                    0.05714285714285714,
                    0.05714285714285714,
                    0.05714285714285714,
                    0.05714285714285714,
                    0.12857142857142856,
                    0.24285714285714285,
                    0.2571428571428571,
                    0.8571428571428571,
                    1.0
                ],
                "thresholds": [
                    Infinity,
                    0.998,
                    0.9953,
                    0.9941,
                    0.9935,
                    0.9909,
                    0.9908,
                    0.9905,
                    0.9901,
                    0.9896,
                    0.9895,
                    0.989,
                    0.9886,
                    0.9881,
                    0.988,
                    0.9878,
                    0.9872,
                    0.9871,
                    0.0
                ]
            }
        },
        "predicted_anomalies_len": 2,
        "batch_number": 8,
        "batch_time": "0:00:09.477998",
        "total_time": "0:01:06.882853",
        "cumulative_verified": 97,
        "copied_pending": 117
    },
    "anomalies": [
        {
            "anchor": 765,
            "neigh": [
                765,
                640,
                1147,
                2367,
                1090,
                1598,
                395
            ],
            "score": 0.0104,
            "freq": 0.0104,
            "weight": 0.00258493353028065,
            "original": true,
            "is_true": false
        },
        {
            "anchor": 969,
            "neigh": [
                969,
                1483,
                704,
                1743,
                2450,
                2113,
                1412,
                389
            ],
            "score": 0.0059,
            "freq": 0.0059,
            "weight": 0.0029542097488921715,
            "original": true,
            "is_true": false
        }
    ]
}