{
    "stats": {
        "stat_results": {
            "accuracy": 0.9833825701624815,
            "recall": 0.5857142857142857,
            "precision": 0.7192982456140351,
            "f1": 0.6456692913385826,
            "auroc": 0.7882513809162787,
            "ap": 0.35763898095391533,
            "tp": 41,
            "tn": 2622,
            "fp": 16,
            "fn": 29,
            "true_pred_nodes": [
                641,
                2307,
                1540,
                2056,
                1547,
                143,
                915,
                151,
                1053,
                2078,
                287,
                1310,
                1573,
                294,
                938,
                170,
                2475,
                50,
                438,
                311,
                572,
                833,
                451,
                1732,
                1224,
                2121,
                843,
                1229,
                2386,
                1362,
                980,
                2518,
                1623,
                214,
                869,
                874,
                1901,
                1133,
                1391,
                1783,
                1533
            ],
            "optimal_threshold": 0.012900000000000023,
            "roc_curve": {
                "fpr": [
                    0.0,
                    0.0003790750568612585,
                    0.0011372251705837756,
                    0.001516300227445034,
                    0.002274450341167551,
                    0.00265352539802881,
                    0.003032600454890068,
                    0.003032600454890068,
                    0.003411675511751327,
                    0.004169825625473844,
                    0.006065200909780136,
                    0.006065200909780136,
                    0.006065200909780136,
                    0.006065200909780136,
                    1.0
                ],
                "tpr": [
                    0.0,
                    0.0,
                    0.0,
                    0.014285714285714285,
                    0.014285714285714285,
                    0.02857142857142857,
                    0.02857142857142857,
                    0.04285714285714286,
                    0.05714285714285714,
                    0.05714285714285714,
                    0.05714285714285714,
                    0.12857142857142856,
                    0.22857142857142856,
                    0.5857142857142857,
                    1.0
                ],
                "thresholds": [
                    Infinity,
                    0.998,
                    0.996,
                    0.9935,
                    0.9909,
                    0.9908,
                    0.9905,
                    0.9901,
                    0.9895,
                    0.9886,
                    0.9881,
                    0.988,
                    0.9878,
                    0.9871,
                    0.0
                ]
            }
        },
        "predicted_anomalies_len": 5,
        "batch_number": 4,
        "batch_time": "0:00:08.114803",
        "total_time": "0:00:34.970777",
        "cumulative_verified": 57,
        "copied_pending": 95
    },
    "anomalies": [
        {
            "anchor": 1914,
            "neigh": [
                1914,
                779,
                778,
                1919,
                1224,
                1370,
                1525
            ],
            "score": 0.0119,
            "freq": 0.0119,
            "weight": 0.00258493353028065,
            "original": true,
            "is_true": false
        },
        {
            "anchor": 214,
            "neigh": [
                214,
                2600,
                50,
                170,
                1854,
                641,
                2078
            ],
            "score": 0.0129,
            "freq": 0.0129,
            "weight": 0.00258493353028065,
            "original": true,
            "is_true": true
        },
        {
            "anchor": 1931,
            "neigh": [
                1931,
                1542,
                1413,
                507,
                251,
                812,
                1300
            ],
            "score": 0.0069,
            "freq": 0.0069,
            "weight": 0.00258493353028065,
            "original": true,
            "is_true": false
        },
        {
            "anchor": 2439,
            "neigh": [
                2439,
                2530,
                1229,
                867,
                2652,
                871,
                2440,
                657
            ],
            "score": 0.0114,
            "freq": 0.0114,
            "weight": 0.0029542097488921715,
            "original": true,
            "is_true": false
        },
        {
            "anchor": 1127,
            "neigh": [
                1127,
                1986,
                745,
                553,
                1583,
                366,
                1995,
                160
            ],
            "score": 0.0095,
            "freq": 0.0095,
            "weight": 0.0029542097488921715,
            "original": true,
            "is_true": false
        }
    ]
}