{
    "stats": {
        "stat_results": {
            "accuracy": 0.9841211225997046,
            "recall": 0.8571428571428571,
            "precision": 0.6451612903225806,
            "f1": 0.7361963190184049,
            "auroc": 0.9176459438968916,
            "ap": 0.4627090614187202,
            "tp": 60,
            "tn": 2605,
            "fp": 33,
            "fn": 10,
            "true_pred_nodes": [
                1540,
                2056,
                1547,
                1035,
                539,
                1053,
                2078,
                1570,
                1573,
                2600,
                50,
                572,
                2624,
                1090,
                2121,
                76,
                1623,
                1133,
                1135,
                641,
                143,
                660,
                151,
                674,
                170,
                181,
                1206,
                1732,
                1224,
                1229,
                214,
                738,
                1783,
                2307,
                781,
                1818,
                1310,
                287,
                294,
                311,
                833,
                843,
                2386,
                1362,
                869,
                874,
                1901,
                1391,
                915,
                938,
                2475,
                2479,
                438,
                451,
                2506,
                459,
                980,
                2518,
                1014,
                1533
            ],
            "optimal_threshold": 0.012900000000000023,
            "roc_curve": {
                "fpr": [
                    0.0,
                    0.0003790750568612585,
                    0.001516300227445034,
                    0.0037907505686125853,
                    0.004169825625473844,
                    0.00530705079605762,
                    0.005686125852918878,
                    0.006065200909780136,
                    0.006065200909780136,
                    0.006444275966641395,
                    0.006823351023502654,
                    0.008339651250947688,
                    0.009097801364670205,
                    0.010993176648976498,
                    0.010993176648976498,
                    0.010993176648976498,
                    0.012509476876421531,
                    0.012509476876421531,
                    1.0
                ],
                "tpr": [
                    0.0,
                    0.0,
                    0.0,
                    0.0,
                    0.014285714285714285,
                    0.014285714285714285,
                    0.02857142857142857,
                    0.02857142857142857,
                    0.04285714285714286,
                    0.04285714285714286,
                    0.05714285714285714,
                    0.05714285714285714,
                    0.05714285714285714,
                    0.05714285714285714,
                    0.12857142857142856,
                    0.24285714285714285,
                    0.2571428571428571,
                    0.8571428571428571,
                    1.0
                ],
                "thresholds": [
                    Infinity,
                    0.998,
                    0.9953,
                    0.9941,
                    0.9935,
                    0.9909,
                    0.9908,
                    0.9905,
                    0.9901,
                    0.9896,
                    0.9895,
                    0.989,
                    0.9886,
                    0.9881,
                    0.988,
                    0.9878,
                    0.9872,
                    0.9871,
                    0.0
                ]
            }
        },
        "predicted_anomalies_len": 6,
        "batch_number": 7,
        "batch_time": "0:00:07.939427",
        "total_time": "0:00:57.404855",
        "cumulative_verified": 93,
        "copied_pending": 114
    },
    "anomalies": [
        {
            "anchor": 1818,
            "neigh": [
                1818,
                2624,
                1540,
                1090,
                76,
                660,
                1310
            ],
            "score": 0.0129,
            "freq": 0.0129,
            "weight": 0.00258493353028065,
            "original": true,
            "is_true": true
        },
        {
            "anchor": 674,
            "neigh": [
                674,
                2121,
                181,
                781,
                143,
                1014,
                539
            ],
            "score": 0.0129,
            "freq": 0.0129,
            "weight": 0.00258493353028065,
            "original": true,
            "is_true": true
        },
        {
            "anchor": 1206,
            "neigh": [
                1206,
                641,
                2600,
                170,
                50,
                214,
                2078
            ],
            "score": 0.0129,
            "freq": 0.0129,
            "weight": 0.00258493353028065,
            "original": true,
            "is_true": true
        },
        {
            "anchor": 1035,
            "neigh": [
                1035,
                1224,
                2307,
                915,
                1135,
                1573,
                833
            ],
            "score": 0.0129,
            "freq": 0.0129,
            "weight": 0.00258493353028065,
            "original": true,
            "is_true": true
        },
        {
            "anchor": 1767,
            "neigh": [
                1767,
                1783,
                1623,
                2056,
                459,
                874,
                1053
            ],
            "score": 0.0059,
            "freq": 0.0059,
            "weight": 0.00258493353028065,
            "original": true,
            "is_true": false
        },
        {
            "anchor": 428,
            "neigh": [
                428,
                2248,
                1257,
                996,
                1135,
                2671,
                1071,
                2249
            ],
            "score": 0.0128,
            "freq": 0.0128,
            "weight": 0.0029542097488921715,
            "original": true,
            "is_true": false
        }
    ]
}