{
    "stats": {
        "stat_results": {
            "accuracy": 0.9819054652880355,
            "recall": 0.7428571428571429,
            "precision": 0.6265060240963856,
            "f1": 0.6797385620915033,
            "auroc": 0.8617756958734973,
            "ap": 0.3886355609330629,
            "tp": 52,
            "tn": 2607,
            "fp": 31,
            "fn": 18,
            "true_pred_nodes": [
                1540,
                2056,
                1547,
                539,
                1053,
                2078,
                1570,
                1573,
                2600,
                50,
                572,
                2624,
                2121,
                76,
                1623,
                1133,
                641,
                143,
                151,
                170,
                1732,
                1224,
                1229,
                214,
                738,
                1783,
                2307,
                781,
                1310,
                287,
                294,
                311,
                833,
                843,
                2386,
                1362,
                869,
                874,
                1901,
                1391,
                915,
                938,
                2475,
                2479,
                438,
                451,
                2506,
                459,
                980,
                2518,
                1014,
                1533
            ],
            "optimal_threshold": 0.012900000000000023,
            "roc_curve": {
                "fpr": [
                    0.0,
                    0.0003790750568612585,
                    0.001516300227445034,
                    0.003411675511751327,
                    0.0037907505686125853,
                    0.004927975739196361,
                    0.00530705079605762,
                    0.005686125852918878,
                    0.005686125852918878,
                    0.006065200909780136,
                    0.006444275966641395,
                    0.00796057619408643,
                    0.008718726307808946,
                    0.01061410159211524,
                    0.01061410159211524,
                    0.01061410159211524,
                    0.011751326762699014,
                    0.011751326762699014,
                    1.0
                ],
                "tpr": [
                    0.0,
                    0.0,
                    0.0,
                    0.0,
                    0.014285714285714285,
                    0.014285714285714285,
                    0.02857142857142857,
                    0.02857142857142857,
                    0.04285714285714286,
                    0.04285714285714286,
                    0.05714285714285714,
                    0.05714285714285714,
                    0.05714285714285714,
                    0.05714285714285714,
                    0.12857142857142856,
                    0.24285714285714285,
                    0.24285714285714285,
                    0.7428571428571429,
                    1.0
                ],
                "thresholds": [
                    Infinity,
                    0.998,
                    0.9953,
                    0.9941,
                    0.9935,
                    0.9909,
                    0.9908,
                    0.9905,
                    0.9901,
                    0.9896,
                    0.9895,
                    0.989,
                    0.9886,
                    0.9881,
                    0.988,
                    0.9878,
                    0.9872,
                    0.9871,
                    0.0
                ]
            }
        },
        "predicted_anomalies_len": 5,
        "batch_number": 6,
        "batch_time": "0:00:07.068359",
        "total_time": "0:00:49.465428",
        "cumulative_verified": 83,
        "copied_pending": 115
    },
    "anomalies": [
        {
            "anchor": 1570,
            "neigh": [
                1570,
                2624,
                1090,
                1310,
                1540,
                76,
                1426
            ],
            "score": 0.0129,
            "freq": 0.0129,
            "weight": 0.00258493353028065,
            "original": true,
            "is_true": true
        },
        {
            "anchor": 2506,
            "neigh": [
                2506,
                738,
                1623,
                874,
                1053,
                311,
                459
            ],
            "score": 0.0129,
            "freq": 0.0129,
            "weight": 0.00258493353028065,
            "original": true,
            "is_true": true
        },
        {
            "anchor": 395,
            "neigh": [
                395,
                640,
                2367,
                1147,
                1090,
                1598,
                765
            ],
            "score": 0.0104,
            "freq": 0.0104,
            "weight": 0.00258493353028065,
            "original": true,
            "is_true": false
        },
        {
            "anchor": 2479,
            "neigh": [
                2479,
                143,
                674,
                781,
                181,
                539,
                1014
            ],
            "score": 0.0129,
            "freq": 0.0129,
            "weight": 0.00258493353028065,
            "original": true,
            "is_true": true
        },
        {
            "anchor": 1176,
            "neigh": [
                1176,
                507,
                1542,
                1935,
                877,
                1413,
                1300,
                812
            ],
            "score": 0.0128,
            "freq": 0.0128,
            "weight": 0.0029542097488921715,
            "original": true,
            "is_true": false
        }
    ]
}