{
    "stats": {
        "stat_results": {
            "accuracy": 0.9804283604135894,
            "recall": 0.9571428571428572,
            "precision": 0.5726495726495726,
            "f1": 0.7165775401069518,
            "auroc": 0.9608198851944114,
            "ap": 0.4498990228190866,
            "tp": 67,
            "tn": 2588,
            "fp": 50,
            "fn": 3,
            "true_pred_nodes": [
                1540,
                2056,
                1547,
                1035,
                539,
                1053,
                2078,
                1570,
                1573,
                2600,
                50,
                572,
                2624,
                1090,
                2121,
                76,
                1623,
                2654,
                1133,
                1135,
                124,
                127,
                641,
                1674,
                143,
                660,
                2198,
                151,
                674,
                170,
                181,
                1206,
                1732,
                1224,
                1229,
                1235,
                214,
                738,
                1783,
                2307,
                781,
                1818,
                1310,
                287,
                294,
                311,
                1854,
                833,
                843,
                2386,
                1362,
                869,
                874,
                1901,
                1391,
                915,
                938,
                2475,
                2479,
                438,
                451,
                2506,
                459,
                980,
                2518,
                1014,
                1533
            ],
            "optimal_threshold": 0.012900000000000023,
            "roc_curve": {
                "fpr": [
                    0.0,
                    0.0003790750568612585,
                    0.000758150113722517,
                    0.002274450341167551,
                    0.003032600454890068,
                    0.006444275966641395,
                    0.006823351023502654,
                    0.00796057619408643,
                    0.008718726307808946,
                    0.009097801364670205,
                    0.011372251705837756,
                    0.012130401819560273,
                    0.012130401819560273,
                    0.01288855193328279,
                    0.013267626990144048,
                    0.014783927217589083,
                    0.0155420773313116,
                    0.017437452615617893,
                    0.017437452615617893,
                    0.017437452615617893,
                    0.018953752843062926,
                    0.018953752843062926,
                    1.0
                ],
                "tpr": [
                    0.0,
                    0.0,
                    0.0,
                    0.0,
                    0.0,
                    0.0,
                    0.014285714285714285,
                    0.014285714285714285,
                    0.014285714285714285,
                    0.014285714285714285,
                    0.02857142857142857,
                    0.02857142857142857,
                    0.04285714285714286,
                    0.04285714285714286,
                    0.05714285714285714,
                    0.05714285714285714,
                    0.05714285714285714,
                    0.05714285714285714,
                    0.12857142857142856,
                    0.2571428571428571,
                    0.2714285714285714,
                    0.9571428571428572,
                    1.0
                ],
                "thresholds": [
                    Infinity,
                    0.998,
                    0.9975,
                    0.9967,
                    0.9953,
                    0.9941,
                    0.9935,
                    0.9922,
                    0.9918,
                    0.9909,
                    0.9908,
                    0.9905,
                    0.9901,
                    0.9896,
                    0.9895,
                    0.989,
                    0.9886,
                    0.9881,
                    0.988,
                    0.9878,
                    0.9872,
                    0.9871,
                    0.0
                ]
            }
        },
        "predicted_anomalies_len": 8,
        "batch_number": 10,
        "batch_time": "0:00:09.464007",
        "total_time": "0:01:23.471083",
        "cumulative_verified": 117,
        "copied_pending": 126
    },
    "anomalies": [
        {
            "anchor": 1235,
            "neigh": [
                1235,
                451,
                1229,
                1732,
                869,
                1547,
                2475
            ],
            "score": 0.0129,
            "freq": 0.0129,
            "weight": 0.00258493353028065,
            "original": true,
            "is_true": true
        },
        {
            "anchor": 124,
            "neigh": [
                124,
                451,
                1229,
                1732,
                869,
                1547,
                2475
            ],
            "score": 0.0129,
            "freq": 0.0129,
            "weight": 0.00258493353028065,
            "original": true,
            "is_true": true
        },
        {
            "anchor": 127,
            "neigh": [
                127,
                641,
                170,
                2600,
                50,
                214,
                1206
            ],
            "score": 0.0129,
            "freq": 0.0129,
            "weight": 0.00258493353028065,
            "original": true,
            "is_true": true
        },
        {
            "anchor": 1689,
            "neigh": [
                1689,
                155,
                156,
                1358,
                90,
                1763,
                817,
                1736
            ],
            "score": 0.0078,
            "freq": 0.0078,
            "weight": 0.0029542097488921715,
            "original": true,
            "is_true": false
        },
        {
            "anchor": 2440,
            "neigh": [
                2440,
                1229,
                867,
                657,
                2442,
                871,
                2530,
                2439
            ],
            "score": 0.0092,
            "freq": 0.0092,
            "weight": 0.0029542097488921715,
            "original": true,
            "is_true": false
        },
        {
            "anchor": 366,
            "neigh": [
                366,
                1986,
                745,
                553,
                1583,
                1127,
                1995,
                2009
            ],
            "score": 0.0095,
            "freq": 0.0095,
            "weight": 0.0029542097488921715,
            "original": true,
            "is_true": false
        },
        {
            "anchor": 640,
            "neigh": [
                640,
                1090,
                1598,
                1093,
                2367,
                1147,
                395,
                765
            ],
            "score": 0.0033,
            "freq": 0.0033,
            "weight": 0.0029542097488921715,
            "original": true,
            "is_true": false
        },
        {
            "anchor": 2198,
            "neigh": [
                2198,
                964,
                938,
                843,
                1362,
                980,
                151,
                287
            ],
            "score": 0.0122,
            "freq": 0.0122,
            "weight": 0.0029542097488921715,
            "original": true,