{
    "stats": {
        "stat_results": {
            "accuracy": 0.9796898079763663,
            "recall": 0.9714285714285714,
            "precision": 0.5619834710743802,
            "f1": 0.7120418848167539,
            "auroc": 0.9667226253655368,
            "ap": 0.4475787151230745,
            "tp": 68,
            "tn": 2585,
            "fp": 53,
            "fn": 2,
            "true_pred_nodes": [
                1540,
                2056,
                1547,
                1035,
                539,
                1053,
                2078,
                1570,
                1573,
                2600,
                50,
                572,
                2624,
                1090,
                2121,
                76,
                1623,
                2654,
                1133,
                1135,
                124,
                127,
                641,
                1674,
                143,
                660,
                2198,
                151,
                674,
                170,
                181,
                1206,
                1732,
                1224,
                1229,
                1235,
                214,
                738,
                1783,
                2307,
                781,
                1818,
                1310,
                287,
                294,
                311,
                1854,
                833,
                843,
                2386,
                1362,
                869,
                874,
                1901,
                1391,
                915,
                1426,
                938,
                2475,
                2479,
                438,
                451,
                2506,
                459,
                980,
                2518,
                1014,
                1533
            ],
            "optimal_threshold": 0.012900000000000023,
            "roc_curve": {
                "fpr": [
                    0.0,
                    0.0003790750568612585,
                    0.000758150113722517,
                    0.002274450341167551,
                    0.003032600454890068,
                    0.006444275966641395,
                    0.006823351023502654,
                    0.0075815011372251705,
                    0.008718726307808946,
                    0.009097801364670205,
                    0.009855951478392721,
                    0.01023502653525398,
                    0.012509476876421531,
                    0.013267626990144048,
                    0.013267626990144048,
                    0.014025777103866566,
                    0.014404852160727824,
                    0.01592115238817286,
                    0.016679302501895376,
                    0.018574677786201668,
                    0.018574677786201668,
                    0.018574677786201668,
                    0.0200909780136467,
                    0.0200909780136467,
                    1.0
                ],
                "tpr": [
                    0.0,
                    0.0,
                    0.0,
                    0.0,
                    0.0,
                    0.0,
                    0.014285714285714285,
                    0.014285714285714285,
                    0.014285714285714285,
                    0.014285714285714285,
                    0.014285714285714285,
                    0.014285714285714285,
                    0.02857142857142857,
                    0.02857142857142857,
                    0.04285714285714286,
                    0.04285714285714286,
                    0.05714285714285714,
                    0.05714285714285714,
                    0.05714285714285714,
                    0.05714285714285714,
                    0.12857142857142856,
                    0.2571428571428571,
                    0.2714285714285714,
                    0.9714285714285714,
                    1.0
                ],
                "thresholds": [
                    Infinity,
                    0.998,
                    0.9975,
                    0.9967,
                    0.9953,
                    0.9941,
                    0.9935,
                    0.9929,
                    0.9928,
                    0.9922,
                    0.9918,
                    0.9909,
                    0.9908,
                    0.9905,
                    0.9901,
                    0.9896,
                    0.9895,
                    0.989,
                    0.9886,
                    0.9881,
                    0.988,
                    0.9878,
                    0.9872,
                    0.9871,
                    0.0
                ]
            }
        },
        "predicted_anomalies_len": 2,
        "batch_number": 12,
        "batch_time": "0:00:02.108361",
        "total_time": "0:01:32.550177",
        "cumulative_verified": 121,
        "copied_pending": 130
    },
    "anomalies": [
        {
            "anchor": 1720,
            "neigh": [
                1720,
                1169,
                1358,
                1765,
                1040,
                823,
                1719,
                1317
            ],
            "score": 0.0072,
            "freq": 0.0072,
            "weight": 0.0029542097488921715,
            "original": true,
            "is_true": false
        },
        {
            "anchor": 1719,
            "neigh": [
                1719,
                1358,
                1169,
                1765,
                1040,
                823,
                1720,
                1317
            ],
            "score": 0.0072,
            "freq": 0.0072,
            "weight": 0.0029542097488921715,
            "original": true,
            "is_true": false
        }
    ]
}