{
    "stats": {
        "stat_results": {
            "accuracy": 0.9785819793205317,
            "recall": 0.18571428571428572,
            "precision": 0.9285714285714286,
            "f1": 0.30952380952380953,
            "auroc": 0.5926324055020037,
            "ap": 0.18601473085541453,
            "tp": 13,
            "tn": 2637,
            "fp": 1,
            "fn": 57,
            "true_pred_nodes": [
                294,
                2056,
                843,
                1901,
                143,
                2386,
                1362,
                980,
                2518,
                438,
                151,
                572,
                287
            ],
            "optimal_threshold": 0.012900000000000023,
            "roc_curve": {
                "fpr": [
                    0.0,
                    0.0003790750568612585,
                    0.0003790750568612585,
                    0.0003790750568612585,
                    1.0
                ],
                "tpr": [
                    0.0,
                    0.0,
                    0.02857142857142857,
                    0.18571428571428572,
                    1.0
                ],
                "thresholds": [
                    Infinity,
                    0.9909,
                    0.9878,
                    0.9871,
                    0.0
                ]
            }
        },
        "predicted_anomalies_len": 9,
        "batch_number": 1,
        "batch_time": "0:00:09.418798",
        "total_time": "0:00:09.418798",
        "cumulative_verified": 14,
        "copied_pending": 35
    },
    "anomalies": [
        {
            "anchor": 438,
            "neigh": [
                438,
                1224,
                1135,
                915,
                2307,
                1573,
                833
            ],
            "score": 0.0129,
            "freq": 0.0129,
            "weight": 0.00258493353028065,
            "original": true,
            "is_true": true
        },
        {
            "anchor": 287,
            "neigh": [
                287,
                2518,
                1901,
                151,
                1362,
                843,
                980
            ],
            "score": 0.0129,
            "freq": 0.0129,
            "weight": 0.00258493353028065,
            "original": true,
            "is_true": true
        },
        {
            "anchor": 2386,
            "neigh": [
                2386,
                738,
                1623,
                311,
                874,
                1053,
                459
            ],
            "score": 0.0129,
            "freq": 0.0129,
            "weight": 0.00258493353028065,
            "original": true,
            "is_true": true
        },
        {
            "anchor": 294,
            "neigh": [
                294,
                1901,
                151,
                843,
                1362,
                980,
                287
            ],
            "score": 0.0129,
            "freq": 0.0129,
            "weight": 0.00258493353028065,
            "original": true,
            "is_true": true
        },
        {
            "anchor": 2518,
            "neigh": [
                2518,
                1901,
                151,
                843,
                1362,
                980,
                287
            ],
            "score": 0.0129,
            "freq": 0.0129,
            "weight": 0.00258493353028065,
            "original": true,
            "is_true": true
        },
        {
            "anchor": 2056,
            "neigh": [
                2056,
                1623,
                311,
                738,
                874,
                1053,
                459
            ],
            "score": 0.0129,
            "freq": 0.0129,
            "weight": 0.00258493353028065,
            "original": true,
            "is_true": true
        },
        {
            "anchor": 138,
            "neigh": [
                138,
                1776,
                306,
                236,
                2078,
                1572,
                2045,
                109
            ],
            "score": 0.0091,
            "freq": 0.0091,
            "weight": 0.0029542097488921715,
            "original": true,
            "is_true": false
        },
        {
            "anchor": 572,
            "neigh": [
                572,
                1416,
                1229,
                1133,
                1732,
                1547,
                869,
                2475
            ],
            "score": 0.0122,
            "freq": 0.0122,
            "weight": 0.0029542097488921715,
            "original": true,
            "is_true": true
        },
        {
            "anchor": 143,
            "neigh": [
                143,
                1701,
                2126,
                2089,
                1014,
                539,
                781,
                2121
            ],
            "score": 0.0122,
            "freq": 0.0122,
            "weight": 0.0029542097488921715,
            "original": true,
            "is_true": true
        }
    ]
}