{
    "stats": {
        "stat_results": {
            "accuracy": 0.98301329394387,
            "recall": 0.9,
            "precision": 0.6176470588235294,
            "f1": 0.7325581395348837,
            "auroc": 0.9366728040723492,
            "ap": 0.4622056750915354,
            "tp": 63,
            "tn": 2599,
            "fp": 39,
            "fn": 7,
            "true_pred_nodes": [
                1540,
                2056,
                1547,
                1035,
                539,
                1053,
                2078,
                1570,
                1573,
                2600,
                50,
                572,
                2624,
                1090,
                2121,
                76,
                1623,
                2654,
                1133,
                1135,
                641,
                1674,
                143,
                660,
                151,
                674,
                170,
                181,
                1206,
                1732,
                1224,
                1229,
                214,
                738,
                1783,
                2307,
                781,
                1818,
                1310,
                287,
                294,
                311,
                1854,
                833,
                843,
                2386,
                1362,
                869,
                874,
                1901,
                1391,
                915,
                938,
                2475,
                2479,
                438,
                451,
                2506,
                459,
                980,
                2518,
                1014,
                1533
            ],
            "optimal_threshold": 0.012900000000000023,
            "roc_curve": {
                "fpr": [
                    0.0,
                    0.0003790750568612585,
                    0.001516300227445034,
                    0.004927975739196361,
                    0.00530705079605762,
                    0.006065200909780136,
                    0.006823351023502654,
                    0.007202426080363912,
                    0.0075815011372251705,
                    0.00796057619408643,
                    0.00796057619408643,
                    0.008718726307808946,
                    0.009097801364670205,
                    0.01061410159211524,
                    0.011372251705837756,
                    0.013267626990144048,
                    0.013267626990144048,
                    0.013267626990144048,
                    0.014783927217589083,
                    0.014783927217589083,
                    1.0
                ],
                "tpr": [
                    0.0,
                    0.0,
                    0.0,
                    0.0,
                    0.014285714285714285,
                    0.014285714285714285,
                    0.014285714285714285,
                    0.014285714285714285,
                    0.02857142857142857,
                    0.02857142857142857,
                    0.04285714285714286,
                    0.04285714285714286,
                    0.05714285714285714,
                    0.05714285714285714,
                    0.05714285714285714,
                    0.05714285714285714,
                    0.12857142857142856,
                    0.24285714285714285,
                    0.2571428571428571,
                    0.9,
                    1.0
                ],
                "thresholds": [
                    Infinity,
                    0.998,
                    0.9953,
                    0.9941,
                    0.9935,
                    0.9929,
                    0.9918,
                    0.9909,
                    0.9908,
                    0.9905,
                    0.9901,
                    0.9896,
                    0.9895,
                    0.989,
                    0.9886,
                    0.9881,
                    0.988,
                    0.9878,
                    0.9872,
                    0.9871,
                    0.0
                ]
            }
        },
        "predicted_anomalies_len": 4,
        "batch_number": 9,
        "batch_time": "0:00:07.124223",
        "total_time": "0:01:14.007076",
        "cumulative_verified": 102,
        "copied_pending": 124
    },
    "anomalies": [
        {
            "anchor": 1854,
            "neigh": [
                1854,
                641,
                2600,
                170,
                50,
                214,
                2078
            ],
            "score": 0.0129,
            "freq": 0.0129,
            "weight": 0.00258493353028065,
            "original": true,
            "is_true": true
        },
        {
            "anchor": 2654,
            "neigh": [
                2654,
                641,
                2600,
                170,
                50,
                214,
                2078
            ],
            "score": 0.0129,
            "freq": 0.0129,
            "weight": 0.00258493353028065,
            "original": true,
            "is_true": true
        },
        {
            "anchor": 1674,
            "neigh": [
                1674,
                833,
                2307,
                1035,
                915,
                1135,
                1573
            ],
            "score": 0.0129,
            "freq": 0.0129,
            "weight": 0.00258493353028065,
            "original": true,
            "is_true": true
        },
        {
            "anchor": 253,
            "neigh": [
                253,
                251,
                1413,
                507,
                812,
                1933,
                1300,
                1542
            ],
            "score": 0.0082,
            "freq": 0.0082,
            "weight": 0.0029542097488921715,
            "original": true,
            "is_true": false
        }
    ]
}