{
    "dataset": "inj_cora",
    "outliers": {
        "all": 138,
        "contextual": 70,
        "structural": 70
    },
    "model": "adone",
    "epoch": 100,
    "auc": {
        "mean": 0.7785705558375158,
        "std": 0.09017988094973559,
        "max": 0.8414030338916145
    },
    "ap": {
        "mean": 0.18379154470156578,
        "std": 0.05424896252312494,
        "max": 0.30577898859857533
    },
    "rec": {
        "mean": 0.40740737318992615,
        "std": 0.11998892575502396,
        "max": 0.5652173757553101
    },
    "pr": {
        "mean": 0.20746208727359772,
        "std": 0.06110137328505516,
        "max": 0.2878228724002838
    },
    "f1": {
        "mean": 0.2749253213405609,
        "std": 0.08097052574157715,
        "max": 0.3814180791378021
    },
    "time": {
        "mean": 2.107391834259033,
        "std": 0.17491626739501953,
        "max": 2.3888657093048096
    },
    "contextual": {
        "auc": {
            "mean": 0.6819160138151799,
            "std": 0.044192310664379716,
            "max": 0.7583125744611718
        },
        "ap": {
            "mean": 0.0761986254467946,
            "std": 0.01553669665885964,
            "max": 0.11944479573535784
        },
        "rec": {
            "mean": 0.26031744480133057,
            "std": 0.05490482226014137,
            "max": 0.3571428656578064
        },
        "pr": {
            "mean": 0.06724067032337189,
            "std": 0.014182056300342083,
            "max": 0.09225092083215714
        },
        "f1": {
            "mean": 0.1068752110004425,
            "std": 0.02254156582057476,
            "max": 0.14662756025791168
        }
    },
    "structural": {
        "auc": {
            "mean": 0.8659028003417691,
            "std": 0.1599027799731239,
            "max": 0.9692461821726416
        },
        "ap": {
            "mean": 0.14471744117369537,
            "std": 0.07569589624987237,
            "max": 0.36476594134870843
        },
        "rec": {
            "mean": 0.567460298538208,
            "std": 0.24921511113643646,
            "max": 0.9285714030265808
        },
        "pr": {
            "mean": 0.14657646417617798,
            "std": 0.06437291204929352,
            "max": 0.2398523986339569
        },
        "f1": {
            "mean": 0.23297493159770966,
            "std": 0.10231705754995346,
            "max": 0.3812316656112671
        }
    }
}