{
    "dataset": "inj_amazon",
    "outliers": {
        "all": 694,
        "contextual": 350,
        "structural": 350
    },
    "model": "adone",
    "epoch": 100,
    "auc": {
        "mean": 0.7724038479386222,
        "std": 0.07031662758171707,
        "max": 0.8907217543718714
    },
    "ap": {
        "mean": 0.177242836696051,
        "std": 0.04163432503251693,
        "max": 0.2369419845801638
    },
    "rec": {
        "mean": 0.3207189440727234,
        "std": 0.09344702959060669,
        "max": 0.4884726107120514
    },
    "pr": {
        "mean": 0.1617579609155655,
        "std": 0.04713098704814911,
        "max": 0.24636627733707428
    },
    "f1": {
        "mean": 0.21505209803581238,
        "std": 0.06265916675329208,
        "max": 0.3275362253189087
    },
    "time": {
        "mean": 26.040863037109375,
        "std": 1.4955030679702759,
        "max": 28.54547882080078
    },
    "contextual": {
        "auc": {
            "mean": 0.7189799805438084,
            "std": 0.06809523443586359,
            "max": 0.890759801308973
        },
        "ap": {
            "mean": 0.1349829894715416,
            "std": 0.03943547436770897,
            "max": 0.2174946912209226
        },
        "rec": {
            "mean": 0.3410526514053345,
            "std": 0.09706911444664001,
            "max": 0.5485714077949524
        },
        "pr": {
            "mean": 0.08675030618906021,
            "std": 0.024690546095371246,
            "max": 0.13953489065170288
        },
        "f1": {
            "mean": 0.1383179873228073,
            "std": 0.039367541670799255,
            "max": 0.2224797159433365
        }
    },
    "structural": {
        "auc": {
            "mean": 0.8143713765087245,
            "std": 0.11981242841774946,
            "max": 0.9241650499925385
        },
        "ap": {
            "mean": 0.08427272689255604,
            "std": 0.03902091736707267,
            "max": 0.16201484925038445
        },
        "rec": {
            "mean": 0.3072180151939392,
            "std": 0.17186813056468964,
            "max": 0.6085714101791382
        },
        "pr": {
            "mean": 0.0781441256403923,
            "std": 0.04371646046638489,
            "max": 0.1547965109348297
        },
        "f1": {
            "mean": 0.12459595501422882,
            "std": 0.06970318406820297,
            "max": 0.24681344628334045
        }
    }
}