{
    "dataset": "inj_amazon",
    "outliers": {
        "all": 694,
        "contextual": 350,
        "structural": 350
    },
    "model": "adone",
    "epoch": 10,
    "auc": {
        "mean": 0.7362874702667725,
        "std": 0.07187590889215045,
        "max": 0.8473612298576557
    },
    "ap": {
        "mean": 0.17957132202177625,
        "std": 0.04411302085191342,
        "max": 0.27538308412217427
    },
    "rec": {
        "mean": 0.3308357298374176,
        "std": 0.07504366338253021,
        "max": 0.4711815416812897
    },
    "pr": {
        "mean": 0.1668604612350464,
        "std": 0.0378490574657917,
        "max": 0.23764534294605255
    },
    "f1": {
        "mean": 0.22183576226234436,
        "std": 0.0503191314637661,
        "max": 0.31594201922416687
    },
    "time": {
        "mean": 2.8123230934143066,
        "std": 0.191728413105011,
        "max": 3.2410941123962402
    },
    "contextual": {
        "auc": {
            "mean": 0.8141323469844586,
            "std": 0.05908953880700166,
            "max": 0.916309292856077
        },
        "ap": {
            "mean": 0.21058144355080746,
            "std": 0.059009624109672074,
            "max": 0.34799524700639883
        },
        "rec": {
            "mean": 0.5218571424484253,
            "std": 0.11950946599245071,
            "max": 0.7514285445213318
        },
        "pr": {
            "mean": 0.1327398270368576,
            "std": 0.03039848431944847,
            "max": 0.19113372266292572
        },
        "f1": {
            "mean": 0.2116454392671585,
            "std": 0.04846849665045738,
            "max": 0.30475085973739624
        }
    },
    "structural": {
        "auc": {
            "mean": 0.6486945658430512,
            "std": 0.1132417521897036,
            "max": 0.8422706632272369
        },
        "ap": {
            "mean": 0.04098387894244456,
            "std": 0.020067676561706552,
            "max": 0.10203454136330423
        },
        "rec": {
            "mean": 0.1461428701877594,
            "std": 0.10978066176176071,
            "max": 0.47999998927116394
        },
        "pr": {
            "mean": 0.037172965705394745,
            "std": 0.027923859655857086,
            "max": 0.12209302186965942
        },
        "f1": {
            "mean": 0.0592699870467186,
            "std": 0.04452286288142204,
            "max": 0.19466975331306458
        }
    }
}