{
    "dataset": "inj_cora",
    "stat_results": {
        "accuracy": 0.8301329394387001,
        "recall": 0.5428571428571428,
        "precision": 0.0815450643776824,
        "f1": 0.1417910447761194,
        "auroc": 0.708182605870248,
        "ap": 0.09322885915165022,
        "tp": 38,
        "tn": 2210,
        "fp": 428,
        "fn": 32,
        "true_pred_nodes": [
            2056,
            1035,
            2078,
            50,
            1090,
            76,
            2126,
            1135,
            124,
            143,
            2198,
            151,
            170,
            1224,
            1229,
            2307,
            311,
            1426,
            451,
            459,
            2518,
            1540,
            1547,
            1573,
            2600,
            1623,
            641,
            1732,
            738,
            1783,
            1818,
            1854,
            833,
            869,
            874,
            915,
            938,
            980
        ],
        "optimal_threshold": 0.011900000000000022,
        "roc_curve": {
            "fpr": [
                0.0,
                0.051933282789992416,
                0.05307050796057619,
                0.05458680818802123,
                0.05496588324488249,
                0.055724033358605006,
                0.05686125852918878,
                0.0576194086429113,
                0.057998483699772556,
                0.05951478392721759,
                0.05989385898407885,
                0.06103108415466262,
                0.06254738438210766,
                0.0640636846095527,
                0.06444275966641395,
                0.06557998483699773,
                0.06595905989385899,
                0.06747536012130402,
                0.06937073540561031,
                0.07012888551933283,
                0.07050796057619409,
                0.07088703563305535,
                0.0712661106899166,
                0.07278241091736164,
                0.0731614859742229,
                0.0731614859742229,
                0.07391963608794541,
                0.07505686125852919,
                0.07695223654283548,
                0.07733131159969674,
                0.07884761182714177,
                0.07960576194086429,
                0.08150113722517058,
                0.08188021228203184,
                0.0841546626231994,
                0.08491281273692192,
                0.09021986353297953,
                0.09135708870356331,
                0.09211523881728582,
                0.09401061410159212,
                0.09438968915845337,
                0.09590598938589841,
                0.09742228961334344,
                0.09931766489764973,
                0.10159211523881728,
                0.10272934040940106,
                0.10576194086429112,
                0.10841546626231995,
                0.11144806671721001,
                0.11372251705837756,
                0.1152388172858226,
                0.11599696739954511,
                0.11675511751326763,
                0.11827141774071266,
                0.1197877179681577,
                0.12395754359363154,
                0.12509476876421532,
                0.12585291887793784,
                0.12585291887793784,
                0.12623199393479909,
                0.1269901440485216,
                0.12736921910538287,
                0.1288855193328279,
                0.12964366944655042,
                0.13002274450341167,
                0.13115996967399546,
                0.133434420015163,
                0.13381349507202425,
                0.13684609552691432,
                0.13912054586808187,
                0.1406368460955269,
                0.14291129643669448,
                0.1444275966641395,
                0.1561789234268385,
                0.15845337376800606,
                0.15883244882486733,
                0.16034874905231236,
                0.16148597422289612,
                0.16224412433661864,
                1.0
            ],
            "tpr": [
                0.0,
                0.38571428571428573,
                0.38571428571428573,
                0.38571428571428573,
                0.38571428571428573,
                0.38571428571428573,
                0.38571428571428573,
                0.38571428571428573,
                0.38571428571428573,
                0.38571428571428573,
                0.38571428571428573,
                0.38571428571428573,
                0.38571428571428573,
                0.38571428571428573,
                0.38571428571428573,
                0.38571428571428573,
                0.38571428571428573,
                0.38571428571428573,
                0.38571428571428573,
                0.38571428571428573,
                0.38571428571428573,
                0.4,
                0.4,
                0.4,
                0.4,
                0.44285714285714284,
                0.44285714285714284,
                0.44285714285714284,
                0.44285714285714284,
                0.44285714285714284,
                0.44285714285714284,
                0.44285714285714284,
                0.44285714285714284,
                0.44285714285714284,
                0.44285714285714284,
                0.44285714285714284,
                0.44285714285714284,
                0.44285714285714284,
                0.44285714285714284,
                0.44285714285714284,
                0.44285714285714284,
                0.4714285714285714,
                0.4714285714285714,
                0.4714285714285714,
                0.4714285714285714,
                0.4714285714285714,
                0.4714285714285714,
                0.4714285714285714,
                0.4857142857142857,
                0.4857142857142857,
                0.4857142857142857,
                0.4857142857142857,
                0.5,
                0.5,
                0.5,
                0.5,
                0.5,
                0.5,
                0.5142857142857142,
                0.5142857142857142,
                0.5142857142857142,
                0.5142857142857142,
                0.5142857142857142,
                0.5142857142857142,
                0.5142857142857142,
                0.5142857142857142,
                0.5142857142857142,
                0.5142857142857142,
                0.5142857142857142,
                0.5285714285714286,
                0.5285714285714286,
                0.5285714285714286,
                0.5285714285714286,
                0.5285714285714286,
                0.5285714285714286,
                0.5285714285714286,
                0.5428571428571428,
                0.5428571428571428,
                0.5428571428571428,
                1.0
            ],