{
    "dataset": "inj_cora",
    "stat_results": {
        "accuracy": 0.5302806499261448,
        "recall": 1.0,
        "precision": 0.05216095380029806,
        "f1": 0.09915014164305949,
        "auroc": 0.7932145564821834,
        "ap": 0.06029285099052541,
        "tp": 70,
        "tn": 1366,
        "fp": 1272,
        "fn": 0,
        "true_pred_nodes": [
            50,
            76,
            124,
            127,
            143,
            151,
            170,
            181,
            214,
            287,
            294,
            311,
            438,
            451,
            459,
            539,
            572,
            641,
            660,
            674,
            738,
            781,
            833,
            843,
            869,
            874,
            915,
            938,
            980,
            1014,
            1035,
            1053,
            1090,
            1133,
            1135,
            1206,
            1224,
            1229,
            1235,
            1310,
            1362,
            1391,
            1426,
            1533,
            1540,
            1547,
            1570,
            1573,
            1623,
            1674,
            1732,
            1783,
            1818,
            1854,
            1901,
            2056,
            2078,
            2089,
            2121,
            2126,
            2198,
            2307,
            2386,
            2475,
            2479,
            2506,
            2518,
            2600,
            2624,
            2654
        ],
        "optimal_threshold": 0.0,
        "roc_curve": {
            "fpr": [
                0.0,
                0.41357088703563305,
                0.4306292645943897,
                0.4370735405610311,
                0.4423805913570887,
                0.4484457922668688,
                0.44996209249431385,
                0.45034116755117515,
                0.45299469294920397,
                0.4552691432903715,
                0.4564063684609553,
                0.4590598938589841,
                0.4598180439727066,
                0.46209249431387417,
                0.46285064442759666,
                0.46512509476876424,
                0.4655041698256255,
                0.46853677028051555,
                0.47081122062168307,
                0.47119029567854437,
                0.4727065959059894,
                0.47308567096285065,
                0.47384382107657314,
                0.4749810462471569,
                0.4761182714177407,
                0.4772554965883245,
                0.4783927217589083,
                0.4799090219863533,
                0.48142532221379836,
                0.48218347232752085,
                1.0
            ],
            "tpr": [
                0.0,
                1.0,
                1.0,
                1.0,
                1.0,
                1.0,
                1.0,
                1.0,
                1.0,
                1.0,
                1.0,
                1.0,
                1.0,
                1.0,
                1.0,
                1.0,
                1.0,
                1.0,
                1.0,
                1.0,
                1.0,
                1.0,
                1.0,
                1.0,
                1.0,
                1.0,
                1.0,
                1.0,
                1.0,
                1.0,
                1.0
            ],
            "thresholds": [
                Infinity,
                1.0,
                0.9999,
                0.9998,
                0.9997,
                0.9996,
                0.9995,
                0.9994,
                0.9993,
                0.9992,
                0.9991,
                0.999,
                0.9989,
                0.9987,
                0.9985,
                0.9982,
                0.9981,
                0.9971,
                0.9968,
                0.9965,
                0.9963,
                0.9962,
                0.9961,
                0.9956,
                0.995,
                0.9949,
                0.9929,
                0.9923,
                0.9903,
                0.9902,
                0.0
            ]
        }
    },
    "verified_count": 1342,
    "starting_nodes_count": 1126,
    "total_time": "0:02:15.318887"
}