{
    "dataset": "inj_cora",
    "stat_results": {
        "accuracy": 0.9763663220088626,
        "recall": 0.9571428571428572,
        "precision": 0.5234375,
        "f1": 0.6767676767676768,
        "auroc": 0.9651169717318315,
        "ap": 0.5032967393854386,
        "tp": 67,
        "tn": 2577,
        "fp": 61,
        "fn": 3,
        "true_pred_nodes": [
            1540,
            2056,
            1547,
            1035,
            539,
            1053,
            2078,
            1570,
            1573,
            2600,
            2089,
            50,
            572,
            2624,
            1090,
            2121,
            76,
            1623,
            2654,
            1133,
            1135,
            124,
            127,
            641,
            1674,
            143,
            660,
            2198,
            151,
            674,
            170,
            181,
            1206,
            1732,
            1224,
            1229,
            1235,
            214,
            738,
            1783,
            2307,
            781,
            1818,
            1310,
            287,
            294,
            311,
            1854,
            833,
            843,
            2386,
            1362,
            869,
            874,
            1391,
            1426,
            915,
            938,
            2475,
            2479,
            438,
            451,
            2506,
            459,
            980,
            1014,
            1533
        ],
        "optimal_threshold": 0.012900000000000023,
        "roc_curve": {
            "fpr": [
                0.0,
                0.012509476876421531,
                0.01288855193328279,
                0.014404852160727824,
                0.015163002274450341,
                0.016300227445034118,
                0.016679302501895376,
                0.01781652767247915,
                0.018953752843062926,
                0.019711902956785442,
                0.0200909780136467,
                0.02084912812736922,
                0.021986353297952996,
                0.022744503411675512,
                0.022744503411675512,
                0.022744503411675512,
                0.02312357846853677,
                0.02312357846853677,
                1.0
            ],
            "tpr": [
                0.0,
                0.5428571428571428,
                0.5428571428571428,
                0.5428571428571428,
                0.5428571428571428,
                0.5428571428571428,
                0.5428571428571428,
                0.5428571428571428,
                0.5428571428571428,
                0.5428571428571428,
                0.5428571428571428,
                0.5428571428571428,
                0.5428571428571428,
                0.5428571428571428,
                0.5571428571428572,
                0.5857142857142857,
                0.5857142857142857,
                0.9571428571428572,
                1.0
            ],
            "thresholds": [
                Infinity,
                1.0,
                0.998,
                0.9966,
                0.9953,
                0.9941,
                0.9935,
                0.9929,
                0.9909,
                0.9908,
                0.9905,
                0.9896,
                0.989,
                0.9887,
                0.988,
                0.9878,
                0.9872,
                0.9871,
                0.0
            ]
        }
    },
    "verified_count": 128,
    "starting_nodes_count": 1118,
    "total_time": "0:01:14.850631"
}