{
    "dataset": "inj_cora",
    "stat_results": {
        "accuracy": 0.9774741506646972,
        "recall": 0.9285714285714286,
        "precision": 0.5371900826446281,
        "f1": 0.680628272251309,
        "auroc": 0.9525181414491498,
        "ap": 0.510501450698105,
        "tp": 65,
        "tn": 2582,
        "fp": 56,
        "fn": 5,
        "true_pred_nodes": [
            2307,
            1540,
            2056,
            1547,
            1035,
            781,
            1818,
            539,
            1053,
            1310,
            287,
            2078,
            1533,
            1570,
            1573,
            294,
            2600,
            50,
            311,
            572,
            1854,
            2624,
            833,
            1090,
            843,
            76,
            1362,
            2386,
            1623,
            2654,
            869,
            874,
            1133,
            1135,
            1391,
            124,
            641,
            127,
            1674,
            143,
            1426,
            915,
            660,
            2198,
            151,
            674,
            170,
            2475,
            938,
            2479,
            181,
            438,
            1206,
            451,
            1732,
            1224,
            2506,
            459,
            1229,
            1235,
            980,
            214,
            738,
            1014,
            1783
        ],
        "optimal_threshold": 0.012900000000000023,
        "roc_curve": {
            "fpr": [
                0.0,
                0.011372251705837756,
                0.012130401819560273,
                0.01288855193328279,
                0.013646702047005308,
                0.014783927217589083,
                0.016300227445034118,
                0.017437452615617893,
                0.018953752843062926,
                0.019332827899924184,
                0.019332827899924184,
                0.0200909780136467,
                0.02084912812736922,
                0.02084912812736922,
                0.02084912812736922,
                0.02122820318423048,
                0.02122820318423048,
                1.0
            ],
            "tpr": [
                0.0,
                0.5571428571428572,
                0.5571428571428572,
                0.5571428571428572,
                0.5571428571428572,
                0.5571428571428572,
                0.5571428571428572,
                0.5571428571428572,
                0.5571428571428572,
                0.5571428571428572,
                0.5714285714285714,
                0.5714285714285714,
                0.5714285714285714,
                0.5857142857142857,
                0.6142857142857143,
                0.6142857142857143,
                0.9285714285714286,
                1.0
            ],
            "thresholds": [
                Infinity,
                1.0,
                0.9975,
                0.9967,
                0.996,
                0.9941,
                0.9928,
                0.9909,
                0.9905,
                0.9896,
                0.9893,
                0.989,
                0.9886,
                0.988,
                0.9878,
                0.9872,
                0.9871,
                0.0
            ]
        }
    },
    "verified_count": 121,
    "starting_nodes_count": 1129,
    "total_time": "0:01:16.758085"
}