{
    "dataset": "inj_amazon",
    "outliers": {
        "all": 694,
        "contextual": 350,
        "structural": 350
    },
    "model": "adone",
    "epoch": 400,
    "auc": {
        "mean": 0.8190181094059181,
        "std": 0.049792522982885154,
        "max": 0.9065775262043032
    },
    "ap": {
        "mean": 0.19787001590505607,
        "std": 0.05838540657296566,
        "max": 0.3035040180874769
    },
    "rec": {
        "mean": 0.36551395058631897,
        "std": 0.1242559477686882,
        "max": 0.6023054718971252
    },
    "pr": {
        "mean": 0.18435075879096985,
        "std": 0.0626697838306427,
        "max": 0.30377906560897827
    },
    "f1": {
        "mean": 0.24508856236934662,
        "std": 0.08331751078367233,
        "max": 0.4038647413253784
    },
    "time": {
        "mean": 105.44693756103516,
        "std": 6.62525749206543,
        "max": 113.9063720703125
    },
    "contextual": {
        "auc": {
            "mean": 0.7652388769266847,
            "std": 0.10629810120683948,
            "max": 0.9701048883961882
        },
        "ap": {
            "mean": 0.15471545572648154,
            "std": 0.08907000779043123,
            "max": 0.3259046186866225
        },
        "rec": {
            "mean": 0.41695234179496765,
            "std": 0.2392297238111496,
            "max": 0.9314285516738892
        },
        "pr": {
            "mean": 0.10605620592832565,
            "std": 0.060850583016872406,
            "max": 0.2369185984134674
        },
        "f1": {
            "mean": 0.16910004615783691,
            "std": 0.09702248871326447,
            "max": 0.37775203585624695
        }
    },
    "structural": {
        "auc": {
            "mean": 0.8587069236290248,
            "std": 0.03246568980602709,
            "max": 0.9092423305689984
        },
        "ap": {
            "mean": 0.08594848320195643,
            "std": 0.019620095521665503,
            "max": 0.12370884549146151
        },
        "rec": {
            "mean": 0.32038089632987976,
            "std": 0.09934400767087936,
            "max": 0.5314285755157471
        },
        "pr": {
            "mean": 0.08149223774671555,
            "std": 0.02526918798685074,
            "max": 0.13517442345619202
        },
        "f1": {
            "mean": 0.12993432581424713,
            "std": 0.04029015451669693,
            "max": 0.2155272364616394
        }
    }
}