{
    "dataset": "inj_cora",
    "stat_results": {
        "accuracy": 0.9782127031019202,
        "recall": 0.9571428571428572,
        "precision": 0.5447154471544715,
        "f1": 0.694300518134715,
        "auroc": 0.9666007798115457,
        "ap": 0.5337530672458451,
        "tp": 67,
        "tn": 2582,
        "fp": 56,
        "fn": 3,
        "true_pred_nodes": [
            2307,
            1540,
            2056,
            1547,
            1035,
            781,
            1818,
            539,
            1053,
            1310,
            2078,
            287,
            1570,
            1573,
            294,
            2600,
            2089,
            50,
            311,
            572,
            1854,
            2624,
            833,
            1090,
            2121,
            843,
            76,
            2386,
            1362,
            1623,
            2654,
            869,
            874,
            1133,
            1391,
            1135,
            124,
            641,
            127,
            1674,
            143,
            1426,
            915,
            660,
            2198,
            151,
            674,
            170,
            938,
            2475,
            2479,
            181,
            1206,
            438,
            451,
            1732,
            1224,
            2506,
            459,
            1229,
            1235,
            980,
            214,
            738,
            1014,
            1783,
            1533
        ],
        "optimal_threshold": 0.012900000000000023,
        "roc_curve": {
            "fpr": [
                0.0,
                0.010993176648976498,
                0.011751326762699014,
                0.012509476876421531,
                0.013267626990144048,
                0.014404852160727824,
                0.01592115238817286,
                0.017058377558756634,
                0.019332827899924184,
                0.019332827899924184,
                0.0200909780136467,
                0.02084912812736922,
                0.02084912812736922,
                0.02122820318423048,
                0.02122820318423048,
                1.0
            ],
            "tpr": [
                0.0,
                0.5571428571428572,
                0.5571428571428572,
                0.5571428571428572,
                0.5571428571428572,
                0.5571428571428572,
                0.5571428571428572,
                0.5571428571428572,
                0.5571428571428572,
                0.5714285714285714,
                0.5714285714285714,
                0.5714285714285714,
                0.6,
                0.6,
                0.9571428571428572,
                1.0
            ],
            "thresholds": [
                Infinity,
                1.0,
                0.9975,
                0.9967,
                0.996,
                0.9941,
                0.9928,
                0.9909,
                0.9896,
                0.9893,
                0.989,
                0.9886,
                0.9878,
                0.9872,
                0.9871,
                0.0
            ]
        }
    },
    "verified_count": 123,
    "starting_nodes_count": 1103,
    "total_time": "0:01:42.329807"
}