{
    "dataset": "inj_cora",
    "stat_results": {
        "accuracy": 0.9782127031019202,
        "recall": 0.9428571428571428,
        "precision": 0.5454545454545454,
        "f1": 0.6910994764397905,
        "auroc": 0.9593279540777645,
        "ap": 0.5186334957267875,
        "tp": 66,
        "tn": 2583,
        "fp": 55,
        "fn": 4,
        "true_pred_nodes": [
            2307,
            1540,
            2056,
            1035,
            781,
            1547,
            1818,
            539,
            1053,
            2078,
            1310,
            287,
            1533,
            1570,
            1573,
            294,
            2600,
            2089,
            50,
            311,
            572,
            1854,
            2624,
            833,
            1090,
            2121,
            843,
            76,
            2386,
            1362,
            1623,
            2654,
            869,
            874,
            1135,
            1391,
            124,
            127,
            641,
            1674,
            143,
            1426,
            915,
            660,
            2198,
            151,
            674,
            170,
            938,
            2475,
            2479,
            181,
            438,
            1206,
            451,
            1732,
            1224,
            459,
            1229,
            2506,
            1235,
            980,
            214,
            738,
            1014,
            1783
        ],
        "optimal_threshold": 0.012900000000000023,
        "roc_curve": {
            "fpr": [
                0.0,
                0.010993176648976498,
                0.011751326762699014,
                0.012509476876421531,
                0.013267626990144048,
                0.014404852160727824,
                0.01592115238817286,
                0.017058377558756634,
                0.018574677786201668,
                0.018953752843062926,
                0.018953752843062926,
                0.019711902956785442,
                0.02047005307050796,
                0.02047005307050796,
                0.02084912812736922,
                0.02084912812736922,
                1.0
            ],
            "tpr": [
                0.0,
                0.5285714285714286,
                0.5285714285714286,
                0.5285714285714286,
                0.5285714285714286,
                0.5285714285714286,
                0.5285714285714286,
                0.5285714285714286,
                0.5285714285714286,
                0.5285714285714286,
                0.5428571428571428,
                0.5428571428571428,
                0.5428571428571428,
                0.5714285714285714,
                0.5714285714285714,
                0.9428571428571428,
                1.0
            ],
            "thresholds": [
                Infinity,
                1.0,
                0.9975,
                0.9967,
                0.996,
                0.9941,
                0.9928,
                0.9909,
                0.9905,
                0.9896,
                0.9893,
                0.989,
                0.9886,
                0.9878,
                0.9872,
                0.9871,
                0.0
            ]
        }
    },
    "verified_count": 121,
    "starting_nodes_count": 1111,
    "total_time": "0:01:15.533522"
}